This is XeTeX, Version 3.141592653-2.6-0.999998 (TeX Live 2026) (preloaded format=xelatex 2026.8.30)  14 SEP 2026 00:35
entering extended mode
 restricted \write18 enabled.
 %&-line parsing enabled.
**p-dbg2.tex
(./p-dbg2.tex
LaTeX2e <2026-06-01>
L3 programming layer <2026-08-10>
(c:/Users/28120/AppData/Roaming/TinyTeX/texmf-dist/tex/latex/ctex/ctexart.cls (c:/Users/28120/AppData/Roaming/TinyTeX/texmf-dist/tex/latex/ctex/config/ctexbackend.cfg
File: ctexbackend.cfg 2026/08/11 v2.6.5 Backend configuration file (CTEX)
) (c:/Users/28120/AppData/Roaming/TinyTeX/texmf-dist/tex/latex/l3kernel/expl3.sty
Package: expl3 2026-08-10 L3 programming layer (loader) 
 (c:/Users/28120/AppData/Roaming/TinyTeX/texmf-dist/tex/latex/l3kernel/l3backend-xetex.def
File: l3backend-xetex.def 2026-08-10 L3 backend support: XeTeX
\g__graphics_track_int=\count273
\g__pdfannot_backend_int=\count274
\g__pdfannot_backend_link_int=\count275
))
Document Class: ctexart 2026/08/11 v2.6.5 Chinese adapter for class article (CTEX)
(c:/Users/28120/AppData/Roaming/TinyTeX/texmf-dist/tex/latex/ctex/ctexhook.sty
Package: ctexhook 2026/08/11 v2.6.5 Document and package hooks (CTEX)
) (c:/Users/28120/AppData/Roaming/TinyTeX/texmf-dist/tex/latex/ctex/ctexpatch.sty
Package: ctexpatch 2026/08/11 v2.6.5 Patching commands (CTEX)
) (c:/Users/28120/AppData/Roaming/TinyTeX/texmf-dist/tex/latex/base/fix-cm.sty
Package: fix-cm 2020/11/24 v1.1t fixes to LaTeX
 (c:/Users/28120/AppData/Roaming/TinyTeX/texmf-dist/tex/latex/base/ts1enc.def
File: ts1enc.def 2001/06/05 v3.0e (jk/car/fm) Standard LaTeX file
LaTeX Font Info:    Redeclaring font encoding TS1 on input line 47.
LaTeX Encoding Info:    Redeclaring text command \capitalcedilla (encoding TS1) on input line 49.
LaTeX Encoding Info:    Redeclaring text command \capitalogonek (encoding TS1) on input line 52.
LaTeX Encoding Info:    Redeclaring text command \capitalgrave (encoding TS1) on input line 55.
LaTeX Encoding Info:    Redeclaring text command \capitalacute (encoding TS1) on input line 56.
LaTeX Encoding Info:    Redeclaring text command \capitalcircumflex (encoding TS1) on input line 57.
LaTeX Encoding Info:    Redeclaring text command \capitaltilde (encoding TS1) on input line 58.
LaTeX Encoding Info:    Redeclaring text command \capitaldieresis (encoding TS1) on input line 59.
LaTeX Encoding Info:    Redeclaring text command \capitalhungarumlaut (encoding TS1) on input line 60.
LaTeX Encoding Info:    Redeclaring text command \capitalring (encoding TS1) on input line 61.
LaTeX Encoding Info:    Redeclaring text command \capitalcaron (encoding TS1) on input line 62.
LaTeX Encoding Info:    Redeclaring text command \capitalbreve (encoding TS1) on input line 63.
LaTeX Encoding Info:    Redeclaring text command \capitalmacron (encoding TS1) on input line 64.
LaTeX Encoding Info:    Redeclaring text command \capitaldotaccent (encoding TS1) on input line 65.
LaTeX Encoding Info:    Redeclaring text command \t (encoding TS1) on input line 66.
LaTeX Encoding Info:    Redeclaring text command \capitaltie (encoding TS1) on input line 67.
LaTeX Encoding Info:    Redeclaring text command \newtie (encoding TS1) on input line 68.
LaTeX Encoding Info:    Redeclaring text command \capitalnewtie (encoding TS1) on input line 69.
LaTeX Encoding Info:    Redeclaring text symbol \textcapitalcompwordmark (encoding TS1) on input line 70.
LaTeX Encoding Info:    Redeclaring text symbol \textascendercompwordmark (encoding TS1) on input line 71.
LaTeX Encoding Info:    Redeclaring text symbol \textquotestraightbase (encoding TS1) on input line 72.
LaTeX Encoding Info:    Redeclaring text symbol \textquotestraightdblbase (encoding TS1) on input line 73.
LaTeX Encoding Info:    Redeclaring text symbol \texttwelveudash (encoding TS1) on input line 74.
LaTeX Encoding Info:    Redeclaring text symbol \textthreequartersemdash (encoding TS1) on input line 75.
LaTeX Encoding Info:    Redeclaring text symbol \textleftarrow (encoding TS1) on input line 76.
LaTeX Encoding Info:    Redeclaring text symbol \textrightarrow (encoding TS1) on input line 77.
LaTeX Encoding Info:    Redeclaring text symbol \textblank (encoding TS1) on input line 78.
LaTeX Encoding Info:    Redeclaring text symbol \textdollar (encoding TS1) on input line 79.
LaTeX Encoding Info:    Redeclaring text symbol \textquotesingle (encoding TS1) on input line 80.
LaTeX Encoding Info:    Redeclaring text command \textasteriskcentered (encoding TS1) on input line 81.
LaTeX Encoding Info:    Redeclaring text symbol \textdblhyphen (encoding TS1) on input line 92.
LaTeX Encoding Info:    Redeclaring text symbol \textfractionsolidus (encoding TS1) on input line 93.
LaTeX Encoding Info:    Redeclaring text symbol \textzerooldstyle (encoding TS1) on input line 94.
LaTeX Encoding Info:    Redeclaring text symbol \textoneoldstyle (encoding TS1) on input line 95.
LaTeX Encoding Info:    Redeclaring text symbol \texttwooldstyle (encoding TS1) on input line 96.
LaTeX Encoding Info:    Redeclaring text symbol \textthreeoldstyle (encoding TS1) on input line 97.
LaTeX Encoding Info:    Redeclaring text symbol \textfouroldstyle (encoding TS1) on input line 98.
LaTeX Encoding Info:    Redeclaring text symbol \textfiveoldstyle (encoding TS1) on input line 99.
LaTeX Encoding Info:    Redeclaring text symbol \textsixoldstyle (encoding TS1) on input line 100.
LaTeX Encoding Info:    Redeclaring text symbol \textsevenoldstyle (encoding TS1) on input line 101.
LaTeX Encoding Info:    Redeclaring text symbol \texteightoldstyle (encoding TS1) on input line 102.
LaTeX Encoding Info:    Redeclaring text symbol \textnineoldstyle (encoding TS1) on input line 103.
LaTeX Encoding Info:    Redeclaring text symbol \textlangle (encoding TS1) on input line 104.
LaTeX Encoding Info:    Redeclaring text symbol \textminus (encoding TS1) on input line 105.
LaTeX Encoding Info:    Redeclaring text symbol \textrangle (encoding TS1) on input line 106.
LaTeX Encoding Info:    Redeclaring text symbol \textmho (encoding TS1) on input line 107.
LaTeX Encoding Info:    Redeclaring text symbol \textbigcircle (encoding TS1) on input line 108.
LaTeX Encoding Info:    Redeclaring text command \textcircled (encoding TS1) on input line 109.
LaTeX Encoding Info:    Redeclaring text symbol \textohm (encoding TS1) on input line 115.
LaTeX Encoding Info:    Redeclaring text symbol \textlbrackdbl (encoding TS1) on input line 116.
LaTeX Encoding Info:    Redeclaring text symbol \textrbrackdbl (encoding TS1) on input line 117.
LaTeX Encoding Info:    Redeclaring text symbol \textuparrow (encoding TS1) on input line 118.
LaTeX Encoding Info:    Redeclaring text symbol \textdownarrow (encoding TS1) on input line 119.
LaTeX Encoding Info:    Redeclaring text symbol \textasciigrave (encoding TS1) on input line 120.
LaTeX Encoding Info:    Redeclaring text symbol \textborn (encoding TS1) on input line 121.
LaTeX Encoding Info:    Redeclaring text symbol \textdivorced (encoding TS1) on input line 122.
LaTeX Encoding Info:    Redeclaring text symbol \textdied (encoding TS1) on input line 123.
LaTeX Encoding Info:    Redeclaring text symbol \textleaf (encoding TS1) on input line 124.
LaTeX Encoding Info:    Redeclaring text symbol \textmarried (encoding TS1) on input line 125.
LaTeX Encoding Info:    Redeclaring text symbol \textmusicalnote (encoding TS1) on input line 126.
LaTeX Encoding Info:    Redeclaring text symbol \texttildelow (encoding TS1) on input line 127.
LaTeX Encoding Info:    Redeclaring text symbol \textdblhyphenchar (encoding TS1) on input line 128.
LaTeX Encoding Info:    Redeclaring text symbol \textasciibreve (encoding TS1) on input line 129.
LaTeX Encoding Info:    Redeclaring text symbol \textasciicaron (encoding TS1) on input line 130.
LaTeX Encoding Info:    Redeclaring text symbol \textacutedbl (encoding TS1) on input line 131.
LaTeX Encoding Info:    Redeclaring text symbol \textgravedbl (encoding TS1) on input line 132.
LaTeX Encoding Info:    Redeclaring text symbol \textdagger (encoding TS1) on input line 133.
LaTeX Encoding Info:    Redeclaring text symbol \textdaggerdbl (encoding TS1) on input line 134.
LaTeX Encoding Info:    Redeclaring text symbol \textbardbl (encoding TS1) on input line 135.
LaTeX Encoding Info:    Redeclaring text symbol \textperthousand (encoding TS1) on input line 136.
LaTeX Encoding Info:    Redeclaring text symbol \textbullet (encoding TS1) on input line 137.
LaTeX Encoding Info:    Redeclaring text symbol \textcelsius (encoding TS1) on input line 138.
LaTeX Encoding Info:    Redeclaring text symbol \textdollaroldstyle (encoding TS1) on input line 139.
LaTeX Encoding Info:    Redeclaring text symbol \textcentoldstyle (encoding TS1) on input line 140.
LaTeX Encoding Info:    Redeclaring text symbol \textflorin (encoding TS1) on input line 141.
LaTeX Encoding Info:    Redeclaring text symbol \textcolonmonetary (encoding TS1) on input line 142.
LaTeX Encoding Info:    Redeclaring text symbol \textwon (encoding TS1) on input line 143.
LaTeX Encoding Info:    Redeclaring text symbol \textnaira (encoding TS1) on input line 144.
LaTeX Encoding Info:    Redeclaring text symbol \textguarani (encoding TS1) on input line 145.
LaTeX Encoding Info:    Redeclaring text symbol \textpeso (encoding TS1) on input line 146.
LaTeX Encoding Info:    Redeclaring text symbol \textlira (encoding TS1) on input line 147.
LaTeX Encoding Info:    Redeclaring text symbol \textrecipe (encoding TS1) on input line 148.
LaTeX Encoding Info:    Redeclaring text symbol \textinterrobang (encoding TS1) on input line 149.
LaTeX Encoding Info:    Redeclaring text symbol \textinterrobangdown (encoding TS1) on input line 150.
LaTeX Encoding Info:    Redeclaring text symbol \textdong (encoding TS1) on input line 151.
LaTeX Encoding Info:    Redeclaring text symbol \texttrademark (encoding TS1) on input line 152.
LaTeX Encoding Info:    Redeclaring text symbol \textpertenthousand (encoding TS1) on input line 153.
LaTeX Encoding Info:    Redeclaring text symbol \textpilcrow (encoding TS1) on input line 154.
LaTeX Encoding Info:    Redeclaring text symbol \textbaht (encoding TS1) on input line 155.
LaTeX Encoding Info:    Redeclaring text symbol \textnumero (encoding TS1) on input line 156.
LaTeX Encoding Info:    Redeclaring text symbol \textdiscount (encoding TS1) on input line 157.
LaTeX Encoding Info:    Redeclaring text symbol \textestimated (encoding TS1) on input line 158.
LaTeX Encoding Info:    Redeclaring text symbol \textopenbullet (encoding TS1) on input line 159.
LaTeX Encoding Info:    Redeclaring text symbol \textservicemark (encoding TS1) on input line 160.
LaTeX Encoding Info:    Redeclaring text symbol \textlquill (encoding TS1) on input line 161.
LaTeX Encoding Info:    Redeclaring text symbol \textrquill (encoding TS1) on input line 162.
LaTeX Encoding Info:    Redeclaring text symbol \textcent (encoding TS1) on input line 163.
LaTeX Encoding Info:    Redeclaring text symbol \textsterling (encoding TS1) on input line 164.
LaTeX Encoding Info:    Redeclaring text symbol \textcurrency (encoding TS1) on input line 165.
LaTeX Encoding Info:    Redeclaring text symbol \textyen (encoding TS1) on input line 166.
LaTeX Encoding Info:    Redeclaring text symbol \textbrokenbar (encoding TS1) on input line 167.
LaTeX Encoding Info:    Redeclaring text symbol \textsection (encoding TS1) on input line 168.
LaTeX Encoding Info:    Redeclaring text symbol \textasciidieresis (encoding TS1) on input line 169.
LaTeX Encoding Info:    Redeclaring text symbol \textcopyright (encoding TS1) on input line 170.
LaTeX Encoding Info:    Redeclaring text symbol \textordfeminine (encoding TS1) on input line 171.
LaTeX Encoding Info:    Redeclaring text symbol \textcopyleft (encoding TS1) on input line 172.
LaTeX Encoding Info:    Redeclaring text symbol \textlnot (encoding TS1) on input line 173.
LaTeX Encoding Info:    Redeclaring text symbol \textcircledP (encoding TS1) on input line 174.
LaTeX Encoding Info:    Redeclaring text symbol \textregistered (encoding TS1) on input line 175.
LaTeX Encoding Info:    Redeclaring text symbol \textasciimacron (encoding TS1) on input line 176.
LaTeX Encoding Info:    Redeclaring text symbol \textdegree (encoding TS1) on input line 177.
LaTeX Encoding Info:    Redeclaring text symbol \textpm (encoding TS1) on input line 178.
LaTeX Encoding Info:    Redeclaring text symbol \texttwosuperior (encoding TS1) on input line 179.
LaTeX Encoding Info:    Redeclaring text symbol \textthreesuperior (encoding TS1) on input line 180.
LaTeX Encoding Info:    Redeclaring text symbol \textasciiacute (encoding TS1) on input line 181.
LaTeX Encoding Info:    Redeclaring text symbol \textmu (encoding TS1) on input line 182.
LaTeX Encoding Info:    Redeclaring text symbol \textparagraph (encoding TS1) on input line 183.
LaTeX Encoding Info:    Redeclaring text symbol \textperiodcentered (encoding TS1) on input line 184.
LaTeX Encoding Info:    Redeclaring text symbol \textreferencemark (encoding TS1) on input line 185.
LaTeX Encoding Info:    Redeclaring text symbol \textonesuperior (encoding TS1) on input line 186.
LaTeX Encoding Info:    Redeclaring text symbol \textordmasculine (encoding TS1) on input line 187.
LaTeX Encoding Info:    Redeclaring text symbol \textsurd (encoding TS1) on input line 188.
LaTeX Encoding Info:    Redeclaring text symbol \textonequarter (encoding TS1) on input line 189.
LaTeX Encoding Info:    Redeclaring text symbol \textonehalf (encoding TS1) on input line 190.
LaTeX Encoding Info:    Redeclaring text symbol \textthreequarters (encoding TS1) on input line 191.
LaTeX Encoding Info:    Redeclaring text symbol \texteuro (encoding TS1) on input line 192.
LaTeX Encoding Info:    Redeclaring text symbol \texttimes (encoding TS1) on input line 193.
LaTeX Encoding Info:    Redeclaring text symbol \textdiv (encoding TS1) on input line 194.
))
\l__ctex_tmp_int=\count276
\l__ctex_tmp_box=\box53
\l__ctex_tmp_dim=\dimen150
\g__ctex_section_depth_int=\count277
\g__ctex_font_size_int=\count278
 (c:/Users/28120/AppData/Roaming/TinyTeX/texmf-dist/tex/latex/ctex/config/ctexopts.cfg
File: ctexopts.cfg 2026/08/11 v2.6.5 Option configuration file (CTEX)
) (c:/Users/28120/AppData/Roaming/TinyTeX/texmf-dist/tex/latex/base/article.cls
Document Class: article 2025/01/22 v1.4n Standard LaTeX document class
(c:/Users/28120/AppData/Roaming/TinyTeX/texmf-dist/tex/latex/base/size10.clo
File: size10.clo 2025/01/22 v1.4n Standard LaTeX file (size option)
)
\c@part=\count279
\c@section=\count280
\c@subsection=\count281
\c@subsubsection=\count282
\c@paragraph=\count283
\c@subparagraph=\count284
\c@figure=\count285
\c@table=\count286
\abovecaptionskip=\skip49
\belowcaptionskip=\skip50
\bibindent=\dimen151
) (c:/Users/28120/AppData/Roaming/TinyTeX/texmf-dist/tex/latex/ctex/engine/ctex-engine-xetex.def
File: ctex-engine-xetex.def 2026/08/11 v2.6.5 XeLaTeX adapter (CTEX)
 (c:/Users/28120/AppData/Roaming/TinyTeX/texmf-dist/tex/xelatex/xecjk/xeCJK.sty
Package: xeCJK 2026/08/21 v3.10.6 Typesetting CJK scripts with XeLaTeX
 (c:/Users/28120/AppData/Roaming/TinyTeX/texmf-dist/tex/latex/l3packages/xtemplate/xtemplate.sty
Package: xtemplate 2025-10-09 L3 Experimental prototype document functions
)
\l__xeCJK_tmp_int=\count287
\l__xeCJK_tmp_box=\box54
\l__xeCJK_tmp_dim=\dimen152
\l__xeCJK_tmp_skip=\skip51
\g__xeCJK_space_factor_int=\count288
\l__xeCJK_begin_int=\count289
\l__xeCJK_end_int=\count290
\c__xeCJK_CJK_class_int=\XeTeXcharclass1
\c__xeCJK_FullLeft_class_int=\XeTeXcharclass2
\c__xeCJK_FullRight_class_int=\XeTeXcharclass3
\c__xeCJK_HalfLeft_class_int=\XeTeXcharclass4
\c__xeCJK_HalfRight_class_int=\XeTeXcharclass5
\c__xeCJK_NormalSpace_class_int=\XeTeXcharclass6
\c__xeCJK_CM_class_int=\XeTeXcharclass7
\c__xeCJK_HangulJamo_class_int=\XeTeXcharclass8
\c__xeCJK_HangulJamoL_class_int=\XeTeXcharclass9
\c__xeCJK_HangulJamoV_class_int=\XeTeXcharclass10
\c__xeCJK_HangulJamoT_class_int=\XeTeXcharclass11
\c__xeCJK_CJStarter_class_int=\XeTeXcharclass12
\c__xeCJK_PoZheHao_class_int=\XeTeXcharclass13
\l__xeCJK_interword_dim=\dimen153
\l__xeCJK_last_skip=\skip52
\c__xeCJK_none_node=\count291
\g__xeCJK_node_int=\count292
\c__xeCJK_CJK_node_dim=\dimen154
\c__xeCJK_CJK-space_node_dim=\dimen155
\c__xeCJK_default_node_dim=\dimen156
\c__xeCJK_CJK-widow_node_dim=\dimen157
\c__xeCJK_normalspace_node_dim=\dimen158
\c__xeCJK_default-space_node_skip=\skip53
\c__xeCJK_math_node_dim=\dimen159
\c__xeCJK_math-space_node_dim=\dimen160
\c__xeCJK_math-space-frozen_node_dim=\dimen161
\g__xeCJK_boundary_capture_depth_int=\count293
\g__xeCJK_boundary_suspend_depth_int=\count294
\g__xeCJK_boundary_capture_1_box=\box55
\g__xeCJK_boundary_capture_2_box=\box56
\g__xeCJK_boundary_capture_3_box=\box57
\l__xeCJK_boundary_post_box=\box58
\l__xeCJK_boundary_math_skip=\skip54
\l__xeCJK_boundary_math_actual_skip=\skip55
\l__xeCJK_boundary_math_ecglue_skip=\skip56
\l__xeCJK_boundary_math_delta_skip=\skip57
\l__xeCJK_boundary_math_space_dim=\dimen162
\l__xeCJK_boundary_math_ecglue_dim=\dimen163
\l__xeCJK_boundary_math_stretch_dim=\dimen164
\l__xeCJK_boundary_math_shrink_dim=\dimen165
\g__xeCJK_boundary_probe_type_int=\count295
\l__xeCJK_boundary_probe_box=\box59
\l__xeCJK_ccglue_skip=\skip58
\l__xeCJK_ecglue_skip=\skip59
\g__xeCJK_par_guard_dim=\dimen166
\l__xeCJK_punct_kern_skip=\skip60
\l__xeCJK_indent_box=\box60
\l__xeCJK_last_penalty_int=\count296
\l__xeCJK_last_bound_dim=\dimen167
\l__xeCJK_last_kern_dim=\dimen168
\l__xeCJK_widow_penalty_int=\count297

LaTeX template Info: Declaring template type 'xeCJK/punctuation' taking 0
(template)           argument(s) on line 4902.

\l__xeCJK_fixed_punct_width_dim=\dimen169
\l__xeCJK_mixed_punct_width_dim=\dimen170
\l__xeCJK_middle_punct_width_dim=\dimen171
\l__xeCJK_fixed_margin_width_dim=\dimen172
\l__xeCJK_mixed_margin_width_dim=\dimen173
\l__xeCJK_middle_margin_width_dim=\dimen174
\l__xeCJK_bound_punct_width_dim=\dimen175
\l__xeCJK_bound_margin_width_dim=\dimen176
\l__xeCJK_margin_minimum_dim=\dimen177
\l__xeCJK_kerning_total_width_dim=\dimen178
\l__xeCJK_same_align_margin_dim=\dimen179
\l__xeCJK_different_align_margin_dim=\dimen180
\l__xeCJK_kerning_margin_width_dim=\dimen181
\l__xeCJK_kerning_margin_minimum_dim=\dimen182
\l__xeCJK_bound_dim=\dimen183
\l__xeCJK_reverse_bound_dim=\dimen184
\l__xeCJK_margin_dim=\dimen185
\l__xeCJK_minimum_bound_dim=\dimen186
\l__xeCJK_kerning_margin_dim=\dimen187
\g__xeCJK_family_int=\count298
\l__xeCJK_fam_int=\count299
\g__xeCJK_fam_allocation_int=\count300
\l__xeCJK_verb_case_int=\count301
\l__xeCJK_verb_exspace_skip=\skip61
 (c:/Users/28120/AppData/Roaming/TinyTeX/texmf-dist/tex/latex/fontspec/fontspec.sty
Package: fontspec 2026/08/11 v2.9h Font selection for XeLaTeX and LuaLaTeX
 (c:/Users/28120/AppData/Roaming/TinyTeX/texmf-dist/tex/latex/fontspec/fontspec-xetex.sty
Package: fontspec-xetex 2026/08/11 v2.9h Font selection for XeLaTeX and LuaLaTeX
\l__fontspec_script_int=\count302
\l__fontspec_language_int=\count303
\l__fontspec_strnum_int=\count304
\l__fontspec_tmp_int=\count305
\l__fontspec_tmpa_int=\count306
\l__fontspec_tmpb_int=\count307
\l__fontspec_tmpc_int=\count308
\l__fontspec_em_int=\count309
\l__fontspec_emdef_int=\count310
\l__fontspec_strong_int=\count311
\l__fontspec_strongdef_int=\count312
\l__fontspec_tmpa_dim=\dimen188
\l__fontspec_tmpb_dim=\dimen189
\l__fontspec_tmpc_dim=\dimen190
 (c:/Users/28120/AppData/Roaming/TinyTeX/texmf-dist/tex/latex/base/fontenc.sty
Package: fontenc 2025/07/18 v2.1d Standard LaTeX package
) (c:/Users/28120/AppData/Roaming/TinyTeX/texmf-dist/tex/latex/fontspec/fontspec.cfg)))
\l__xeCJK_default_char_int=\count313
 (c:/Users/28120/AppData/Roaming/TinyTeX/texmf-dist/tex/xelatex/xecjk/xeCJK.cfg
File: xeCJK.cfg 2026/08/21 v3.10.6 Configuration file for xeCJK package
))
\ccwd=\dimen191
\l__ctex_ccglue_skip=\skip62
)
\l__ctex_ziju_dim=\dimen192
 (c:/Users/28120/AppData/Roaming/TinyTeX/texmf-dist/tex/latex/zhnumber/zhnumber.sty
Package: zhnumber 2022/07/14 v3.0 Typesetting numbers with Chinese glyphs
\l__zhnum_scale_int=\count314
\l__zhnum_tmp_int=\count315
 (c:/Users/28120/AppData/Roaming/TinyTeX/texmf-dist/tex/latex/zhnumber/zhnumber-utf8.cfg
File: zhnumber-utf8.cfg 2022/07/14 v3.0 Chinese numerals with UTF8 encoding
))
\l__ctex_heading_skip=\skip63
 (c:/Users/28120/AppData/Roaming/TinyTeX/texmf-dist/tex/latex/ctex/scheme/ctex-scheme-chinese-article.def
File: ctex-scheme-chinese-article.def 2026/08/11 v2.6.5 Chinese scheme for article (CTEX)
 (c:/Users/28120/AppData/Roaming/TinyTeX/texmf-dist/tex/latex/ctex/config/ctex-name-utf8.cfg
File: ctex-name-utf8.cfg 2026/08/11 v2.6.5 Caption with encoding UTF-8 (CTEX)
)) (c:/Users/28120/AppData/Roaming/TinyTeX/texmf-dist/tex/latex/ctex/ctex-c5size.clo
File: ctex-c5size.clo 2026/08/11 v2.6.5 c5size option (CTEX)
)) (c:/Users/28120/AppData/Roaming/TinyTeX/texmf-dist/tex/latex/ctex/config/ctex.cfg
File: ctex-scheme.cfg 2026/08/11 v2.6.5 Configuration file (CTEX)
)

[lthooks] Update code for hook 'file/before' on input line 2:

(./qp-fonts.tex

[lthooks] Update code for hook 'expand@font@defaults' on input line 47:


[lthooks] Update code for hook 'selectfont' on input line 47:

Code labels for sorting:
 ctexart

Data structure for label rules:
 ctexart = 0 -> 

[lthooks] Handled code for ctexart

[lthooks] Update code for hook 'selectfont' on input line 47:

Code labels for sorting:
 ctexart

Data structure for label rules:
 ctexart = 0 -> 

[lthooks] Handled code for ctexart

[lthooks] Update code for hook 'selectfont' on input line 47:

Code labels for sorting:
 ctexart

Data structure for label rules:
 ctexart = 0 -> 

[lthooks] Handled code for ctexart

[lthooks] Update code for hook 'selectfont' on input line 47:

Code labels for sorting:
 ctexart

Data structure for label rules:
 ctexart = 0 -> 

[lthooks] Handled code for ctexart

[lthooks] Update code for hook 'selectfont' on input line 47:

Code labels for sorting:
 ctexart

Data structure for label rules:
 ctexart = 0 -> 

[lthooks] Handled code for ctexart

[lthooks] Update code for hook 'selectfont' on input line 47:

Code labels for sorting:
 ctexart

Data structure for label rules:
 ctexart = 0 -> 

[lthooks] Handled code for ctexart

[lthooks] Update code for hook 'selectfont' on input line 47:

Code labels for sorting:
 ctexart

Data structure for label rules:
 ctexart = 0 -> 

[lthooks] Handled code for ctexart

[lthooks] Update code for hook 'selectfont' on input line 47:

Code labels for sorting:
 ctexart

Data structure for label rules:
 ctexart = 0 -> 

[lthooks] Handled code for ctexart

[lthooks] Update code for hook 'selectfont' on input line 47:

Code labels for sorting:
 ctexart

Data structure for label rules:
 ctexart = 0 -> 

[lthooks] Handled code for ctexart

[lthooks] Update code for hook 'selectfont' on input line 47:

Code labels for sorting:
 ctexart

Data structure for label rules:
 ctexart = 0 -> 

[lthooks] Handled code for ctexart

[lthooks] Update code for hook 'selectfont' on input line 47:

Code labels for sorting:
 ctexart

Data structure for label rules:
 ctexart = 0 -> 

[lthooks] Handled code for ctexart

[lthooks] Update code for hook 'selectfont' on input line 47:

Code labels for sorting:
 ctexart

Data structure for label rules:
 ctexart = 0 -> 

[lthooks] Handled code for ctexart

[lthooks] Update code for hook 'selectfont' on input line 47:

Code labels for sorting:
 ctexart

Data structure for label rules:
 ctexart = 0 -> 

[lthooks] Handled code for ctexart

[lthooks] Update code for hook 'selectfont' on input line 47:

Code labels for sorting:
 ctexart

Data structure for label rules:
 ctexart = 0 -> 

[lthooks] Handled code for ctexart

[lthooks] Update code for hook 'selectfont' on input line 47:

Code labels for sorting:
 ctexart

Data structure for label rules:
 ctexart = 0 -> 

[lthooks] Handled code for ctexart

Package fontspec Info: 
(fontspec)             Font family 'TimesNewRoman(0)' created for font 'Times
(fontspec)             New Roman' with options [Ligatures=TeX].
(fontspec)              
(fontspec)              This font family consists of the following NFSS
(fontspec)             series/shapes:
(fontspec)              
(fontspec)             - 'normal' (m/n) with NFSS spec.: <->"Times New
(fontspec)             Roman/OT:script=latn;language=dflt;mapping=tex-text;"
(fontspec)             - 'small caps'  (m/sc) with NFSS spec.: <->"Times New
(fontspec)             Roman/OT:script=latn;language=dflt;+smcp;mapping=tex-text;"
(fontspec)             - 'bold' (b/n) with NFSS spec.: <->"Times New
(fontspec)             Roman/B/OT:script=latn;language=dflt;mapping=tex-text;"
(fontspec)             - 'bold small caps'  (b/sc) with NFSS spec.: <->"Times
(fontspec)             New
(fontspec)             Roman/B/OT:script=latn;language=dflt;+smcp;mapping=tex-text;"
(fontspec)             - 'italic' (m/it) with NFSS spec.: <->"Times New
(fontspec)             Roman/I/OT:script=latn;language=dflt;mapping=tex-text;"
(fontspec)             - 'italic small caps'  (m/scit) with NFSS spec.:
(fontspec)             <->"Times New
(fontspec)             Roman/I/OT:script=latn;language=dflt;+smcp;mapping=tex-text;"
(fontspec)             - 'bold italic' (b/it) with NFSS spec.: <->"Times New
(fontspec)             Roman/BI/OT:script=latn;language=dflt;mapping=tex-text;"
(fontspec)             - 'bold italic small caps'  (b/scit) with NFSS spec.:
(fontspec)             <->"Times New
(fontspec)             Roman/BI/OT:script=latn;language=dflt;+smcp;mapping=tex-text;"


[lthooks] Update code for hook 'normalfont' on input line 47:

Code labels for sorting:
 xeCJK

Data structure for label rules:
 xeCJK = 0 -> 

[lthooks] Handled code for xeCJK

[lthooks] Update code for hook 'selectfont' on input line 47:

Code labels for sorting:
 ctexart

Data structure for label rules:
 ctexart = 0 -> 

[lthooks] Handled code for ctexart

[lthooks] Update code for hook 'normalfont' on input line 49:

Code labels for sorting:
 xeCJK

Data structure for label rules:
 xeCJK = 0 -> 

[lthooks] Handled code for xeCJK

[lthooks] Update code for hook 'selectfont' on input line 49:

Code labels for sorting:
 ctexart

Data structure for label rules:
 ctexart = 0 -> 

[lthooks] Handled code for ctexart

[lthooks] Update code for hook 'selectfont' on input line 49:

Code labels for sorting:
 ctexart

Data structure for label rules:
 ctexart = 0 -> 

[lthooks] Handled code for ctexart

[lthooks] Update code for hook 'selectfont' on input line 49:

Code labels for sorting:
 ctexart

Data structure for label rules:
 ctexart = 0 -> 

[lthooks] Handled code for ctexart

Package fontspec Info: 
(fontspec)             Font family 'FZShuSong-Z01S.ttf(0)' created for font
(fontspec)             'FZShuSong-Z01S.ttf' with options
(fontspec)             [Script={CJK},Path={C:/Users/28120/AppData/Local/Microsoft/Windows/Fonts/},BoldFont={FZHei-B01S.ttf}].
(fontspec)              
(fontspec)              This font family consists of the following NFSS
(fontspec)             series/shapes:
(fontspec)              
(fontspec)             - 'normal' (m/n) with NFSS spec.:
(fontspec)             <->"[C:/Users/28120/AppData/Local/Microsoft/Windows/Fonts/FZShuSong-Z01S.ttf]/OT:script=hani;language=dflt;"
(fontspec)             - 'bold' (b/n) with NFSS spec.:
(fontspec)             <->"[C:/Users/28120/AppData/Local/Microsoft/Windows/Fonts/FZHei-B01S.ttf]/OT:script=hani;language=dflt;"


[lthooks] Update code for hook 'selectfont' on input line 49:

Code labels for sorting:
 ctexart

Data structure for label rules:
 ctexart = 0 -> 

[lthooks] Handled code for ctexart

[lthooks] Update code for hook 'selectfont' on input line 64:

Code labels for sorting:
 ctexart

Data structure for label rules:
 ctexart = 0 -> 

[lthooks] Handled code for ctexart

Package fontspec Info: 
(fontspec)             Font family 'FZFSK.TTF(0)' created for font 'FZFSK.TTF'
(fontspec)             with options
(fontspec)             [Path=C:/提示词/工作区/字替对照-0909/variantF/fonts/].
(fontspec)              
(fontspec)              This font family consists of the following NFSS
(fontspec)             series/shapes:
(fontspec)              
(fontspec)             - 'normal' (m/n) with NFSS spec.:
(fontspec)             <->"[C:/提示词/工作区/字替对照-0909/variantF/fonts/FZFSK.TTF]/OT:language=dflt;"

[lthooks] Add to hook 'begindocument' (top-level) on input line 74
[lthooks]    <- \renewcommand {\cha }{{\begin {tikzpicture}[x=1em,y=1em,baseline={(0,0)}] \fill (-0.3399,-0.0727) -- (-0.3117,-0.1009) -- (0.3399,0.5507) -- (0.3117,0.5789) -- cycle; \fill (-0.3399,0.5507) -- (-0.3117,0.5789) -- (0.3399,-0.0727) -- (0.3117,-0.1009) -- cycle; \end {tikzpicture}}}

[lthooks] Update code for hook 'selectfont' on input line 108:

Code labels for sorting:
 ctexart

Data structure for label rules:
 ctexart = 0 -> 

[lthooks] Handled code for ctexart

Package fontspec Info: 
(fontspec)             Font family 'FY-w400BEVL100.ttf(0)' created for font
(fontspec)             'FY-w400BEVL100.ttf' with options
(fontspec)             [Path=C:/提示词/工作区/字替对照-0909/variantF/fonts/].
(fontspec)              
(fontspec)              This font family consists of the following NFSS
(fontspec)             series/shapes:
(fontspec)              
(fontspec)             - 'normal' (m/n) with NFSS spec.:
(fontspec)             <->"[C:/提示词/工作区/字替对照-0909/variantF/fonts/FY-w400BEVL100.ttf]/OT:script=latn;language=dflt;"


[lthooks] Update code for hook 'selectfont' on input line 114:

Code labels for sorting:
 ctexart

Data structure for label rules:
 ctexart = 0 -> 

[lthooks] Handled code for ctexart

Package fontspec Info: 
(fontspec)             Font family 'FY-w450BEVL100.ttf(0)' created for font
(fontspec)             'FY-w450BEVL100.ttf' with options
(fontspec)             [Path=C:/提示词/工作区/字替对照-0909/variantF/fonts/].
(fontspec)              
(fontspec)              This font family consists of the following NFSS
(fontspec)             series/shapes:
(fontspec)              
(fontspec)             - 'normal' (m/n) with NFSS spec.:
(fontspec)             <->"[C:/提示词/工作区/字替对照-0909/variantF/fonts/FY-w450BEVL100.ttf]/OT:script=latn;language=dflt;"


[lthooks] Update code for hook 'selectfont' on input line 115:

Code labels for sorting:
 ctexart

Data structure for label rules:
 ctexart = 0 -> 

[lthooks] Handled code for ctexart

Package fontspec Info: 
(fontspec)             Font family 'NSC-w850.ttf(0)' created for font
(fontspec)             'NSC-w850.ttf' with options
(fontspec)             [Path=C:/提示词/工作区/字替对照-0909/variantF/fonts/,Height=0.905,Depth=0.212].
(fontspec)              
(fontspec)              This font family consists of the following NFSS
(fontspec)             series/shapes:
(fontspec)              
(fontspec)             - 'normal' (m/n) with NFSS spec.:
(fontspec)             <->"[C:/提示词/工作区/字替对照-0909/variantF/fonts/NSC-w850.ttf]/OT:script=latn;language=dflt;"


[lthooks] Update code for hook 'selectfont' on input line 120:

Code labels for sorting:
 ctexart

Data structure for label rules:
 ctexart = 0 -> 

[lthooks] Handled code for ctexart

Package fontspec Info: 
(fontspec)             Font family 'NSC-w700.ttf(0)' created for font
(fontspec)             'NSC-w700.ttf' with options
(fontspec)             [Path=C:/提示词/工作区/字替对照-0909/variantF/fonts/,Height=0.905,Depth=0.212].
(fontspec)              
(fontspec)              This font family consists of the following NFSS
(fontspec)             series/shapes:
(fontspec)              
(fontspec)             - 'normal' (m/n) with NFSS spec.:
(fontspec)             <->"[C:/提示词/工作区/字替对照-0909/variantF/fonts/NSC-w700.ttf]/OT:script=latn;language=dflt;"


[lthooks] Update code for hook 'selectfont' on input line 122:

Code labels for sorting:
 ctexart

Data structure for label rules:
 ctexart = 0 -> 

[lthooks] Handled code for ctexart

Package fontspec Info: 
(fontspec)             Font family 'NotoSansSC-Medium.otf(0)' created for font
(fontspec)             'NotoSansSC-Medium.otf' with options
(fontspec)             [Path=C:/提示词/工作区/字替对照-0909/variantF/fonts/].
(fontspec)              
(fontspec)              This font family consists of the following NFSS
(fontspec)             series/shapes:
(fontspec)              
(fontspec)             - 'normal' (m/n) with NFSS spec.:
(fontspec)             <->"[C:/提示词/工作区/字替对照-0909/variantF/fonts/NotoSansSC-Medium.otf]/OT:script=latn;language=dflt;"


[lthooks] Update code for hook 'selectfont' on input line 130:

Code labels for sorting:
 ctexart

Data structure for label rules:
 ctexart = 0 -> 

[lthooks] Handled code for ctexart

Package fontspec Info: 
(fontspec)             Font family 'FangYuanTi-w600圆-BEVL100.ttf(0)' created
(fontspec)             for font 'FangYuanTi-w600圆-BEVL100.ttf' with options
(fontspec)             [Path=C:/提示词/工作区/字替对照-0909/variantF/fonts/].
(fontspec)              
(fontspec)              This font family consists of the following NFSS
(fontspec)             series/shapes:
(fontspec)              
(fontspec)             - 'normal' (m/n) with NFSS spec.:
(fontspec)             <->"[C:/提示词/工作区/字替对照-0909/variantF/fonts/FangYuanTi-w600圆-BEVL100.ttf]/OT:script=latn;language=dflt;"

[lthooks] Add to hook 'begindocument' (top-level) on input line 152
[lthooks]    <- \renewcommand {\parallel }{\mathrel {\begin {tikzpicture}[x=1em,y=1em,baseline={(0,0)}] \fill (-0.412,-0.016) -- (-0.375,-0.016) -- (0.114,0.956) -- (0.077,0.956) -- cycle; \fill (-0.115,-0.016) -- (-0.078,-0.016) -- (0.411,0.956) -- (0.374,0.956) -- cycle; \end {tikzpicture}}}
)

[lthooks] Update code for hook 'file/after' on input line 2:


[lthooks] Update code for hook 'file/before' on input line 2:

(./qp-layout.tex

[lthooks] Update code for hook 'package/before' on input line 21:


[lthooks] Update code for hook 'file/before' on input line 21:

(c:/Users/28120/AppData/Roaming/TinyTeX/texmf-dist/tex/latex/geometry/geometry.sty
Package: geometry 2026/03/07 v6.0 Page Geometry


[lthooks] Update code for hook 'package/before' on input line 32:


[lthooks] Update code for hook 'file/before' on input line 32:

(c:/Users/28120/AppData/Roaming/TinyTeX/texmf-dist/tex/latex/graphics/keyval.sty
Package: keyval 2026-05-17 v1.15 key=value parser (DPC)
\KV@toks@=\toks17
)

[lthooks] Update code for hook 'file/after' on input line 32:


[lthooks] Update code for hook 'package/after' on input line 32:


[lthooks] Update code for hook 'package/before' on input line 33:


[lthooks] Update code for hook 'file/before' on input line 33:

(c:/Users/28120/AppData/Roaming/TinyTeX/texmf-dist/tex/generic/iftex/ifvtex.sty
Package: ifvtex 2019/10/25 v1.7 ifvtex legacy package. Use iftex instead.


[lthooks] Update code for hook 'package/before' on input line 17:


[lthooks] Update code for hook 'file/before' on input line 17:

(c:/Users/28120/AppData/Roaming/TinyTeX/texmf-dist/tex/generic/iftex/iftex.sty
Package: iftex 2024/12/12 v1.0g TeX engine tests
)

[lthooks] Update code for hook 'file/after' on input line 17:


[lthooks] Update code for hook 'package/after' on input line 17:

)

[lthooks] Update code for hook 'file/after' on input line 33:


[lthooks] Update code for hook 'package/after' on input line 33:

\Gm@cnth=\count316
\Gm@cntv=\count317
\c@Gm@tempcnt=\count318
\Gm@bindingoffset=\dimen193
\Gm@wd@mp=\dimen194
\Gm@odd@mp=\dimen195
\Gm@even@mp=\dimen196
\Gm@layoutwidth=\dimen197
\Gm@layoutheight=\dimen198
\Gm@layouthoffset=\dimen199
\Gm@layoutvoffset=\dimen256
\Gm@dimlist=\toks18
[lthooks] Add to hook 'begindocument' (geometry) on input line 1124
[lthooks]    <- \Gm@savelength {paperwidth}\Gm@savelength {paperheight}\edef \Gm@restore@org {\Gm@restore }\ifGm@resetpaper \edef \Gm@pw {\Gm@orgpw }\edef \Gm@ph {\Gm@orgph }\else \edef \Gm@pw {\the \paperwidth }\edef \Gm@ph {\the \paperheight }\fi \ifGm@pass \else \ifnum \mag =\@m \else \Gm@magtooffset \divide \paperwidth \@m \multiply \paperwidth \the \mag \divide \paperheight \@m \multiply \paperheight \the \mag \fi \fi \Gm@detectdriver \ifx \Gm@driver \Gm@xetex \@ifundefined {pdfpagewidth}{}{\setlength \pdfpagewidth {\Gm@pw }\setlength \pdfpageheight {\Gm@ph }}\ifnum \mag =\@m \else \ifx \Gm@truedimen \Gm@true \setlength \paperwidth {\Gm@pw }\setlength \paperheight {\Gm@ph }\fi \fi \fi \ifx \Gm@driver \Gm@pdftex \@ifundefined {pdfpagewidth}{}{\setlength \pdfpagewidth {\Gm@pw }\setlength \pdfpageheight {\Gm@ph }}\ifnum \mag =\@m \else \@tempdima =\mag sp\@ifundefined {pdfhorigin}{}{\divide \pdfhorigin \@tempdima \multiply \pdfhorigin \@m \divide \pdfvorigin \@tempdima \multiply \pdfvorigin \@m }\ifx \Gm@truedimen \Gm@true \setlength \paperwidth {\Gm@pw }\setlength \paperheight {\Gm@ph }\fi \fi \fi \ifx \Gm@driver \Gm@luatex \setlength \pagewidth {\Gm@pw }\setlength \pageheight {\Gm@ph }\ifnum \mag =\@m \else \@tempdima =\mag sp \edef \Gm@horigin {\pdfvariable horigin}\edef \Gm@vorigin {\pdfvariable vorigin}\divide \Gm@horigin \@tempdima \multiply \Gm@horigin \@m \divide \Gm@vorigin \@tempdima \multiply \Gm@vorigin \@m \ifx \Gm@truedimen \Gm@true \setlength \paperwidth {\Gm@pw }\setlength \paperheight {\Gm@ph }\fi \fi \fi \ifx \Gm@driver \Gm@vtex \@ifundefined {mediawidth}{}{\mediawidth =\paperwidth \mediaheight =\paperheight }\ifvtexdvi \AtBeginDvi {\special {papersize=\the \paperwidth ,\the \paperheight }}\fi \fi \ifx \Gm@driver \Gm@dvips \AtBeginDvi {\special {papersize=\the \paperwidth ,\the \paperheight }}\ifx \Gm@driver \Gm@dvips \ifGm@landscape \AtBeginDvi {\special {! /landplus90 true store}}\fi \fi \else \ifx \Gm@driver \Gm@dvipdfm \ifcase \ifx \AtBeginShipoutFirst \relax \@ne \else \ifx \AtBeginShipoutFirst \@undefined \@ne \else \z@ \fi \fi \AtBeginShipoutFirst {\special {papersize=\the \paperwidth ,\the \paperheight }}\or \AtBeginDvi {\special {papersize=\the \paperwidth ,\the \paperheight }}\fi \fi \fi \@tempswafalse \ifGm@showframe \@tempswatrue \else \ifGm@showcrop \@tempswatrue \fi \fi \if@tempswa \RequirePackage {atbegshi}\AtBeginShipout {\setbox \AtBeginShipoutBox =\vbox {\baselineskip \z@skip \lineskip \z@skip \lineskiplimit \z@ \Gm@pageframes \box \AtBeginShipoutBox }}\fi \Gm@save \edef \Gm@restore@pkg {\Gm@restore }\ifGm@verbose \ifGm@pass \else \Gm@checkmp \fi \fi \Gm@showparams {preamble}\let \Gm@pw \relax \let \Gm@ph \relax 
)

[lthooks] Update code for hook 'file/after' on input line 21:


[lthooks] Update code for hook 'package/after' on input line 21:


[lthooks] Update code for hook 'package/before' on input line 22:


[lthooks] Update code for hook 'file/before' on input line 22:

(c:/Users/28120/AppData/Roaming/TinyTeX/texmf-dist/tex/latex/amsmath/amsmath.sty
Package: amsmath 2026/05/19 v2.18d AMS math features
\@mathmargin=\skip64

For additional information on amsmath, use the `?' option.

[lthooks] Update code for hook 'package/before' on input line 126:


[lthooks] Update code for hook 'file/before' on input line 126:

(c:/Users/28120/AppData/Roaming/TinyTeX/texmf-dist/tex/latex/amsmath/amstext.sty
Package: amstext 2024/11/17 v2.01 AMS text


[lthooks] Update code for hook 'package/before' on input line 28:


[lthooks] Update code for hook 'file/before' on input line 28:

(c:/Users/28120/AppData/Roaming/TinyTeX/texmf-dist/tex/latex/amsmath/amsgen.sty
File: amsgen.sty 1999/11/30 v2.0 generic functions
\@emptytoks=\toks19
\ex@=\dimen257
)

[lthooks] Update code for hook 'file/after' on input line 28:


[lthooks] Update code for hook 'package/after' on input line 28:

)

[lthooks] Update code for hook 'file/after' on input line 126:


[lthooks] Update code for hook 'package/after' on input line 126:


[lthooks] Update code for hook 'package/before' on input line 127:


[lthooks] Update code for hook 'file/before' on input line 127:

(c:/Users/28120/AppData/Roaming/TinyTeX/texmf-dist/tex/latex/amsmath/amsbsy.sty
Package: amsbsy 1999/11/29 v1.2d Bold Symbols
\pmbraise@=\dimen258
)

[lthooks] Update code for hook 'file/after' on input line 127:


[lthooks] Update code for hook 'package/after' on input line 127:


[lthooks] Update code for hook 'package/before' on input line 128:


[lthooks] Update code for hook 'file/before' on input line 128:

(c:/Users/28120/AppData/Roaming/TinyTeX/texmf-dist/tex/latex/amsmath/amsopn.sty
Package: amsopn 2022/04/08 v2.04 operator names
)

[lthooks] Update code for hook 'file/after' on input line 128:


[lthooks] Update code for hook 'package/after' on input line 128:

\inf@bad=\count319
LaTeX Info: Redefining \frac on input line 233.
\uproot@=\count320
\leftroot@=\count321
LaTeX Info: Redefining \overline on input line 398.
LaTeX Info: Redefining \colon on input line 409.
\classnum@=\count322
\DOTSCASE@=\count323
LaTeX Info: Redefining \ldots on input line 495.
LaTeX Info: Redefining \dots on input line 498.
LaTeX Info: Redefining \cdots on input line 619.
\Mathstrutbox@=\box61
\strutbox@=\box62
[lthooks] Add to hook 'begindocument' (amsmath) on input line 720
[lthooks]    <- \reset@strutbox@ 
LaTeX Info: Redefining \big on input line 721.
LaTeX Info: Redefining \Big on input line 722.
LaTeX Info: Redefining \bigg on input line 723.
LaTeX Info: Redefining \Bigg on input line 724.
\big@size=\dimen259
LaTeX Font Info:    Redeclaring font encoding OML on input line 742.
LaTeX Font Info:    Redeclaring font encoding OMS on input line 743.
[lthooks] Add to hook 'begindocument' (amsmath) on input line 753
[lthooks]    <- \MakeRobust \dddot \MakeRobust \ddddot 
\macc@depth=\count324
LaTeX Info: Redefining \bmod on input line 904.
LaTeX Info: Redefining \pmod on input line 909.
LaTeX Info: Redefining \smash on input line 939.
[lthooks] Add to hook 'begindocument' (amsmath) on input line 968
[lthooks]    <- \Umathcharnumdef \std@minus \Umathcodenum `\-\relax \Umathcharnumdef \std@equal \Umathcodenum `\=\relax 
LaTeX Info: Redefining \relbar on input line 969.
LaTeX Info: Redefining \Relbar on input line 970.
[lthooks] Add to hook 'begindocument' (amsmath) on input line 997
[lthooks]    <- \expandafter \let \csname overleftarrow \endcsname \@undefined \expandafter \let \csname overrightarrow \endcsname \@undefined \MakeRobust \overrightarrow \MakeRobust \overleftarrow \MakeRobust \overleftrightarrow 
[lthooks] Add to hook 'begindocument' (amsmath) on input line 1011
[lthooks]    <- \MakeRobust \underrightarrow \MakeRobust \underleftarrow \MakeRobust \underleftrightarrow 
\c@MaxMatrixCols=\count325
\dotsspace@=\muskip17
\c@parentequation=\count326
\dspbrk@lvl=\count327
\tag@help=\toks20
[lthooks] Add to hook 'begindocument/end' (amsmath) on input line 1230
[lthooks]    <- \let \ltx@label \label 
[lthooks] Add to hook 'build/page/reset' (amsmath) on input line 1231
[lthooks]    <- \let \ltx@label \@gobble@with@sphack@om 
\row@=\count328
\column@=\count329
\maxfields@=\count330
\andhelp@=\toks21
\eqnshift@=\dimen260
\alignsep@=\dimen261
\tagshift@=\dimen262
\tagwidth@=\dimen263
\totwidth@=\dimen264
\lineht@=\dimen265
\@envbody=\toks22
\multlinegap=\skip65
\multlinetaggap=\skip66
\mathdisplay@stack=\toks23
LaTeX Info: Redefining \[ on input line 2965.
LaTeX Info: Redefining \] on input line 2966.
)

[lthooks] Update code for hook 'file/after' on input line 22:


[lthooks] Update code for hook 'package/after' on input line 22:


[lthooks] Update code for hook 'package/before' on input line 30:


[lthooks] Update code for hook 'file/before' on input line 30:

(c:/Users/28120/AppData/Roaming/TinyTeX/texmf-dist/tex/latex/unicode-math/unicode-math.sty
Package: unicode-math 2023/08/13 v0.8r Unicode maths in XeLaTeX and LuaLaTeX


[lthooks] Update code for hook 'package/before' on input line 37:


[lthooks] Update code for hook 'file/before' on input line 37:

(c:/Users/28120/AppData/Roaming/TinyTeX/texmf-dist/tex/latex/unicode-math/unicode-math-xetex.sty
Package: unicode-math-xetex 2023/08/13 v0.8r Unicode maths in XeLaTeX and LuaLaTeX


[lthooks] Update code for hook 'package/before' on input line 52:


[lthooks] Update code for hook 'file/before' on input line 52:

(c:/Users/28120/AppData/Roaming/TinyTeX/texmf-dist/tex/latex/l3packages/xparse/xparse.sty
Package: xparse 2025-10-09 L3 Experimental document command parser
)

[lthooks] Update code for hook 'file/after' on input line 52:


[lthooks] Update code for hook 'package/after' on input line 52:


[lthooks] Update code for hook 'package/before' on input line 52:


[lthooks] Update code for hook 'file/before' on input line 52:

(c:/Users/28120/AppData/Roaming/TinyTeX/texmf-dist/tex/latex/l3packages/l3keys2e/l3keys2e.sty
Package: l3keys2e 2025-10-09 LaTeX2e option processing using LaTeX3 keys
)

[lthooks] Update code for hook 'file/after' on input line 52:


[lthooks] Update code for hook 'package/after' on input line 52:

\g__um_fam_int=\count331
\g__um_fonts_used_int=\count332
\l__um_primecount_int=\count333
\g__um_primekern_muskip=\muskip18
(c:/Users/28120/AppData/Roaming/TinyTeX/texmf-dist/tex/latex/unicode-math/unicode-math-table.tex)
[lthooks] Add to hook 'begindocument' (unicode-math-xetex) on input line 943
[lthooks]    <- \__um_define_math_chars: 
[lthooks] Add to hook 'begindocument' (unicode-math-xetex) on input line 1198
[lthooks]    <- \tl_if_eq:onT {\g__fontspec_mathrm_tl }{\rmdefault }{\__fontspec_setmathrm_hook:nn {}{}}\tl_if_eq:onT {\g__fontspec_mathsf_tl }{\sfdefault }{\__fontspec_setmathsf_hook:nn {}{}}\tl_if_eq:onT {\g__fontspec_mathtt_tl }{\ttdefault }{\__fontspec_setmathtt_hook:nn {}{}}
[lthooks] Add to hook 'begindocument' (unicode-math-xetex) on input line 1242
[lthooks]    <- \bool_if:NF \g__um_main_font_defined_bool \__um_load_lm: 
[lthooks] Add to hook 'begindocument' (unicode-math-xetex) on input line 2274
[lthooks]    <- \__um_setup_mathtext: 
[lthooks] Add to hook 'begindocument' (unicode-math-xetex) on input line 3387
[lthooks]    <- \__um_define_prime_commands: \__um_define_prime_chars: 
[lthooks] Add to hook 'begindocument' (unicode-math-xetex) on input line 3593
[lthooks]    <- \cs_new_protected:Npn \__um_patch_url: {\tl_put_left:Nn \Url@FormatString {\__um_switch_to:n {literal}}\tl_put_right:Nn \UrlSpecials {\do \`{\mathchar `\`}\do \'{\mathchar `\'}\do \${\mathchar `\$}\do \&{\mathchar `\&}}}\@ifpackageloaded {url}{\__um_patch_url: }{}
[lthooks] Add to hook 'begindocument' (unicode-math-xetex) on input line 3612
[lthooks]    <- \cs_new_protected:Npn \__um_patch_mathtools_A: {\cs_set_nopar:Npn \MT_cramped_internal:Nn ####1####2{\hbox_set:Nn \l_tmpa_box {\color@setgroup \c_math_toggle_token \m@th ####1\dim_zero:N \nulldelimiterspace \XeTeXradical 255 0 {####2}\c_math_toggle_token \color@endgroup }\box_set_ht:Nn \l_tmpa_box {\box_ht:N \l_tmpa_box -\__um_radical_vgap:N ####1}\box_use_drop:N \l_tmpa_box }}\@ifpackageloaded {mathtools}{\__um_patch_mathtools_A: }{}
[lthooks] Add to hook 'begindocument' (unicode-math-xetex) on input line 3643
[lthooks]    <- \cs_new_protected:Npn \__um_patch_mathtools_B: {\cs_set_eq:NN \MToverbracket \overbracket \cs_set_eq:NN \MTunderbracket \underbracket \AtBeginDocument {\msg_warning:nn {unicode-math}{mathtools-overbracket}\cs_set:Npn \downbracketfill ####1####2{\tl_set:Nn \l_MT_bracketheight_fdim {.27ex}\downbracketend {####1}{####2}\leaders \vrule \@height ####1\@depth \z@ \hfill \downbracketend {####1}{####2}}\cs_set:Npn \upbracketfill ####1####2{\tl_set:Nn \l_MT_bracketheight_fdim {.27ex}\upbracketend {####1}{####2}\leaders \vrule \@height \z@ \@depth ####1\hfill \upbracketend {####1}{####2}}\cs_set_eq:NN \Uoverbracket \overbracket \cs_set_eq:NN \Uunderbracket \underbracket \cs_set_eq:NN \overbracket \MToverbracket \cs_set_eq:NN \underbracket \MTunderbracket }}\@ifpackageloaded {mathtools}{\__um_patch_mathtools_B: }{}
[lthooks] Add to hook 'begindocument' (unicode-math-xetex) on input line 3651
[lthooks]    <- \cs_new_protected:Npn \__um_patch_mathtools_C: {\msg_warning:nn {unicode-math}{mathtools-colon}\DeclareDocumentCommand \dblcolon {}{\Colon }\DeclareDocumentCommand \coloneqq {}{\coloneq }\DeclareDocumentCommand \Coloneqq {}{\Coloneq }\DeclareDocumentCommand \eqqcolon {}{\eqcolon }}\@ifpackageloaded {mathtools}{\__um_patch_mathtools_C: }{}
[lthooks] Add to hook 'begindocument' (unicode-math-xetex) on input line 3665
[lthooks]    <- \Umathcharnumdef \std@minus \Umathcodenum `-\Umathcharnumdef \std@equal \Umathcodenum `=
[lthooks] Add to hook 'begindocument' (unicode-math-xetex) on input line 3728
[lthooks]    <- \debug_suspend: \__um_resolve_greek: \debug_resume: 
[lthooks] Add to hook 'begindocument' (unicode-math-xetex) on input line 3771
[lthooks]    <- \__um_setup_active_frac: 
)

[lthooks] Update code for hook 'file/after' on input line 37:


[lthooks] Update code for hook 'package/after' on input line 37:

)

[lthooks] Update code for hook 'file/after' on input line 30:


[lthooks] Update code for hook 'package/unicode-math/after' on input line 30:

Code labels for sorting:
 xeCJK

Data structure for label rules:
 xeCJK = 0 -> 

[lthooks] Handled code for xeCJK
-> Adding cmd hook to 'mod@math@codes' (after):
-> Add generic cmd hook for mod@math@codes (after).
! In the preamble: delaying.
[lthooks] Add to hook 'cmd/mod@math@codes/after' (unicode-math) on input line 30
[lthooks]    <- \mathcode `\|=28796 

[lthooks] Update code for hook 'package/after' on input line 30:


Package fontspec Info: 
(fontspec)             texgyretermes-math scale = 1.02.


Package fontspec Info: 
(fontspec)             texgyretermes-math scale = 1.02.


[lthooks] Update code for hook 'selectfont' on input line 30:

Code labels for sorting:
 ctexart

Data structure for label rules:
 ctexart = 0 -> 

[lthooks] Handled code for ctexart

Package fontspec Info: 
(fontspec)             Font family 'texgyretermes-math.otf(0)' created for
(fontspec)             font 'texgyretermes-math.otf' with options
(fontspec)             [BoldItalicFont={},ItalicFont={},SmallCapsFont={},Script=Math,Scale={1.02}].
(fontspec)              
(fontspec)              This font family consists of the following NFSS
(fontspec)             series/shapes:
(fontspec)              
(fontspec)             - 'normal' (m/n) with NFSS spec.:
(fontspec)             <->s*[1.02]"[texgyretermes-math.otf]/OT:script=math;language=dflt;"

LaTeX Font Info:    Font shape `TU/texgyretermes-math.otf(0)/m/n' will be
(Font)              scaled to size 10.7502pt on input line 30.

[lthooks] Update code for hook 'selectfont' on input line 30:

Code labels for sorting:
 ctexart

Data structure for label rules:
 ctexart = 0 -> 

[lthooks] Handled code for ctexart

Package fontspec Info: 
(fontspec)             texgyretermes-math scale = 1.02.


Package fontspec Info: 
(fontspec)             texgyretermes-math scale = 1.02.


Package fontspec Info: 
(fontspec)             texgyretermes-math scale = 1.02.


Package fontspec Info: 
(fontspec)             texgyretermes-math scale = 1.02.


[lthooks] Update code for hook 'selectfont' on input line 30:

Code labels for sorting:
 ctexart

Data structure for label rules:
 ctexart = 0 -> 

[lthooks] Handled code for ctexart

Package fontspec Info: 
(fontspec)             Font family 'texgyretermes-math.otf(1)' created for
(fontspec)             font 'texgyretermes-math.otf' with options
(fontspec)             [BoldItalicFont={},ItalicFont={},SmallCapsFont={},Script=Math,SizeFeatures={{Size=9.1692519-},{Size=6.79789365-9.1692519,Font=texgyretermes-math.otf,Style=MathScript},{Size=-6.79789365,Font=texgyretermes-math.otf,Style=MathScriptScript}},Scale={1.02}].
(fontspec)              
(fontspec)              This font family consists of the following NFSS
(fontspec)             series/shapes:
(fontspec)              
(fontspec)             - 'normal' (m/n) with NFSS spec.:
(fontspec)             <9.1692519->s*[1.02]"[texgyretermes-math.otf]/OT:script=math;language=dflt;"<6.79789365-9.1692519>s*[1.02]"[texgyretermes-math.otf]/OT:script=math;language=dflt;+ssty=0;"<-6.79789365>s*[1.02]"[texgyretermes-math.otf]/OT:script=math;language=dflt;+ssty=1;"

LaTeX Font Info:    Font shape `TU/texgyretermes-math.otf(1)/m/n' will be
(Font)              scaled to size 10.7502pt on input line 30.

[lthooks] Update code for hook 'selectfont' on input line 30:

Code labels for sorting:
 ctexart

Data structure for label rules:
 ctexart = 0 -> 

[lthooks] Handled code for ctexart
LaTeX Font Info:    Encoding `OT1' has changed to `TU' for symbol font
(Font)              `operators' in the math version `normal' on input line 30.
LaTeX Font Info:    Overwriting symbol font `operators' in version `normal'
(Font)                  OT1/cmr/m/n --> TU/texgyretermes-math.otf(1)/m/n on input line 30.
LaTeX Font Info:    Encoding `OT1' has changed to `TU' for symbol font
(Font)              `operators' in the math version `bold' on input line 30.
LaTeX Font Info:    Overwriting symbol font `operators' in version `bold'
(Font)                  OT1/cmr/bx/n --> TU/texgyretermes-math.otf(1)/b/n on input line 30.

Package fontspec Info: 
(fontspec)             texgyretermes-math scale = 1.02.


Package fontspec Info: 
(fontspec)             texgyretermes-math scale = 1.020102.


Package fontspec Info: 
(fontspec)             texgyretermes-math scale = 1.02.


Package fontspec Info: 
(fontspec)             texgyretermes-math scale = 1.020102.


Package fontspec Info: 
(fontspec)             texgyretermes-math scale = 1.02.


Package fontspec Info: 
(fontspec)             texgyretermes-math scale = 1.020102.


Package fontspec Info: 
(fontspec)             texgyretermes-math scale = 1.02.


Package fontspec Info: 
(fontspec)             texgyretermes-math scale = 1.020102.


[lthooks] Update code for hook 'selectfont' on input line 30:

Code labels for sorting:
 ctexart

Data structure for label rules:
 ctexart = 0 -> 

[lthooks] Handled code for ctexart

Package fontspec Info: 
(fontspec)             Font family 'texgyretermes-math.otf(2)' created for
(fontspec)             font 'texgyretermes-math.otf' with options
(fontspec)             [BoldItalicFont={},ItalicFont={},SmallCapsFont={},Script=Math,SizeFeatures={{Size=9.1692519-},{Size=6.79789365-9.1692519,Font=texgyretermes-math.otf,Style=MathScript},{Size=-6.79789365,Font=texgyretermes-math.otf,Style=MathScriptScript}},Scale={1.02},ScaleAgain=1.0001,FontAdjustment={\fontdimen
(fontspec)             8\font =6.81563pt\relax \fontdimen 9\font
(fontspec)             =4.62259pt\relax \fontdimen 10\font =4.62259pt\relax
(fontspec)             \fontdimen 11\font =6.42862pt\relax \fontdimen 12\font
(fontspec)             =2.85956pt\relax \fontdimen 13\font =3.64432pt\relax
(fontspec)             \fontdimen 14\font =3.64432pt\relax \fontdimen 15\font
(fontspec)             =3.05305pt\relax \fontdimen 16\font =2.38655pt\relax
(fontspec)             \fontdimen 17\font =2.38655pt\relax \fontdimen 18\font
(fontspec)             =2.38655pt\relax \fontdimen 19\font =1.19327pt\relax
(fontspec)             \fontdimen 22\font =2.68755pt\relax \fontdimen 20\font
(fontspec)             =0pt\relax \fontdimen 21\font =0pt\relax }].
(fontspec)              
(fontspec)              This font family consists of the following NFSS
(fontspec)             series/shapes:
(fontspec)              
(fontspec)             - 'normal' (m/n) with NFSS spec.:
(fontspec)             <9.1692519->s*[1.020102]"[texgyretermes-math.otf]/OT:script=math;language=dflt;"<6.79789365-9.1692519>s*[1.020102]"[texgyretermes-math.otf]/OT:script=math;language=dflt;+ssty=0;"<-6.79789365>s*[1.020102]"[texgyretermes-math.otf]/OT:script=math;language=dflt;+ssty=1;"

LaTeX Font Info:    Encoding `OMS' has changed to `TU' for symbol font
(Font)              `symbols' in the math version `normal' on input line 30.
LaTeX Font Info:    Overwriting symbol font `symbols' in version `normal'
(Font)                  OMS/cmsy/m/n --> TU/texgyretermes-math.otf(2)/m/n on input line 30.
LaTeX Font Info:    Encoding `OMS' has changed to `TU' for symbol font
(Font)              `symbols' in the math version `bold' on input line 30.
LaTeX Font Info:    Overwriting symbol font `symbols' in version `bold'
(Font)                  OMS/cmsy/b/n --> TU/texgyretermes-math.otf(2)/b/n on input line 30.

Package fontspec Info: 
(fontspec)             texgyretermes-math scale = 1.02.


Package fontspec Info: 
(fontspec)             texgyretermes-math scale = 1.019898.


Package fontspec Info: 
(fontspec)             texgyretermes-math scale = 1.02.


Package fontspec Info: 
(fontspec)             texgyretermes-math scale = 1.019898.


Package fontspec Info: 
(fontspec)             texgyretermes-math scale = 1.02.


Package fontspec Info: 
(fontspec)             texgyretermes-math scale = 1.019898.


Package fontspec Info: 
(fontspec)             texgyretermes-math scale = 1.02.


Package fontspec Info: 
(fontspec)             texgyretermes-math scale = 1.019898.


[lthooks] Update code for hook 'selectfont' on input line 30:

Code labels for sorting:
 ctexart

Data structure for label rules:
 ctexart = 0 -> 

[lthooks] Handled code for ctexart

Package fontspec Info: 
(fontspec)             Font family 'texgyretermes-math.otf(3)' created for
(fontspec)             font 'texgyretermes-math.otf' with options
(fontspec)             [BoldItalicFont={},ItalicFont={},SmallCapsFont={},Script=Math,SizeFeatures={{Size=9.1692519-},{Size=6.79789365-9.1692519,Font=texgyretermes-math.otf,Style=MathScript},{Size=-6.79789365,Font=texgyretermes-math.otf,Style=MathScriptScript}},Scale={1.02},ScaleAgain=0.9999,FontAdjustment={\fontdimen
(fontspec)             8\font =0.559pt\relax \fontdimen 9\font
(fontspec)             =1.07501pt\relax \fontdimen 10\font =1.07501pt\relax
(fontspec)             \fontdimen 11\font =1.07501pt\relax \fontdimen 12\font
(fontspec)             =4.65483pt\relax \fontdimen 13\font =0pt\relax }].
(fontspec)              
(fontspec)              This font family consists of the following NFSS
(fontspec)             series/shapes:
(fontspec)              
(fontspec)             - 'normal' (m/n) with NFSS spec.:
(fontspec)             <9.1692519->s*[1.019898]"[texgyretermes-math.otf]/OT:script=math;language=dflt;"<6.79789365-9.1692519>s*[1.019898]"[texgyretermes-math.otf]/OT:script=math;language=dflt;+ssty=0;"<-6.79789365>s*[1.019898]"[texgyretermes-math.otf]/OT:script=math;language=dflt;+ssty=1;"

LaTeX Font Info:    Encoding `OMX' has changed to `TU' for symbol font
(Font)              `largesymbols' in the math version `normal' on input line 30.
LaTeX Font Info:    Overwriting symbol font `largesymbols' in version `normal'
(Font)                  OMX/cmex/m/n --> TU/texgyretermes-math.otf(3)/m/n on input line 30.
LaTeX Font Info:    Encoding `OMX' has changed to `TU' for symbol font
(Font)              `largesymbols' in the math version `bold' on input line 30.
LaTeX Font Info:    Overwriting symbol font `largesymbols' in version `bold'
(Font)                  OMX/cmex/m/n --> TU/texgyretermes-math.otf(3)/b/n on input line 30.

[lthooks] Update code for hook 'package/before' on input line 47:


[lthooks] Update code for hook 'file/before' on input line 47:

(c:/Users/28120/AppData/Roaming/TinyTeX/texmf-dist/tex/latex/graphics/graphicx.sty
Package: graphicx 2026-05-17 v1.2e Enhanced LaTeX Graphics (DPC,SPQR)


[lthooks] Update code for hook 'package/before' on input line 32:


[lthooks] Update code for hook 'file/before' on input line 32:

(c:/Users/28120/AppData/Roaming/TinyTeX/texmf-dist/tex/latex/graphics/graphics.sty
Package: graphics 2026-05-17 v1.4h Standard LaTeX Graphics (DPC,SPQR)


[lthooks] Update code for hook 'package/before' on input line 46:


[lthooks] Update code for hook 'file/before' on input line 46:

(c:/Users/28120/AppData/Roaming/TinyTeX/texmf-dist/tex/latex/graphics/trig.sty
Package: trig 2023/12/02 v1.11 sin cos tan (DPC)
)

[lthooks] Update code for hook 'file/after' on input line 46:


[lthooks] Update code for hook 'package/after' on input line 46:


[lthooks] Update code for hook 'file/before' on input line 90:

(c:/Users/28120/AppData/Roaming/TinyTeX/texmf-dist/tex/latex/graphics-cfg/graphics.cfg
File: graphics.cfg 2016/06/04 v1.11 sample graphics configuration
)

[lthooks] Update code for hook 'file/after' on input line 90:

Package graphics Info: Driver file: xetex.def on input line 106.

[lthooks] Update code for hook 'file/before' on input line 107:

(c:/Users/28120/AppData/Roaming/TinyTeX/texmf-dist/tex/latex/graphics-def/xetex.def
File: xetex.def 2025/11/01 v5.0p Graphics/color driver for xetex

[lthooks] Add to hook 'begindocument' (graphics) on input line 434
[lthooks]    <- \ifnum \mag =\@m \ifdim \stockwidth >0pt\relax \ifdim \stockheight >0pt\relax \setlength {\pdfpagewidth }{\stockwidth }\setlength {\pdfpageheight }{\stockheight }\else \ifdim \paperwidth >0pt\relax \ifdim \paperheight >0pt\relax \setlength {\pdfpagewidth }{\paperwidth }\setlength {\pdfpageheight }{\paperheight }\fi \fi \fi \else \ifdim \stockwidth =0pt\relax \ifdim \paperwidth >0pt\relax \ifdim \paperheight >0pt\relax \setlength {\pdfpagewidth }{\paperwidth }\setlength {\pdfpageheight }{\paperheight }\fi \fi \fi \fi \fi 
)

[lthooks] Update code for hook 'file/after' on input line 107:

)

[lthooks] Update code for hook 'file/after' on input line 32:


[lthooks] Update code for hook 'package/after' on input line 32:

\Gin@req@height=\dimen266
\Gin@req@width=\dimen267
)

[lthooks] Update code for hook 'file/after' on input line 47:


[lthooks] Update code for hook 'package/after' on input line 47:


[lthooks] Update code for hook 'package/before' on input line 48:


[lthooks] Update code for hook 'file/before' on input line 48:

(c:/Users/28120/AppData/Roaming/TinyTeX/texmf-dist/tex/latex/xcolor/xcolor.sty
Package: xcolor 2024/09/29 v3.02 LaTeX color extensions (UK)


[lthooks] Update code for hook 'file/before' on input line 263:

(c:/Users/28120/AppData/Roaming/TinyTeX/texmf-dist/tex/latex/graphics-cfg/color.cfg
File: color.cfg 2016/01/02 v1.6 sample color configuration
)

[lthooks] Update code for hook 'file/after' on input line 263:

Package xcolor Info: Driver file: xetex.def on input line 274.

[lthooks] Update code for hook 'file/before' on input line 819:

(c:/Users/28120/AppData/Roaming/TinyTeX/texmf-dist/tex/latex/graphics/mathcolor.ltx)

[lthooks] Update code for hook 'file/after' on input line 819:

Package xcolor Info: Model `cmy' substituted by `cmy0' on input line 1349.
Package xcolor Info: Model `RGB' extended on input line 1365.
Package xcolor Info: Model `HTML' substituted by `rgb' on input line 1367.
Package xcolor Info: Model `Hsb' substituted by `hsb' on input line 1368.
Package xcolor Info: Model `tHsb' substituted by `hsb' on input line 1369.
Package xcolor Info: Model `HSB' substituted by `hsb' on input line 1370.
Package xcolor Info: Model `Gray' substituted by `gray' on input line 1371.
Package xcolor Info: Model `wave' substituted by `hsb' on input line 1372.
[lthooks] Add to hook 'begindocument' (xcolor) on input line 1407
[lthooks]    <- \let \XC@default@color \XC@current@color 
[lthooks] Add to hook 'begindocument' (xcolor) on input line 1408
[lthooks]    <- \let \default@color \current@color 
[lthooks] Add to hook 'begindocument' (xcolor) on input line 1457
[lthooks]    <- \let \XC@@stack \@empty 
)

[lthooks] Update code for hook 'file/after' on input line 48:


[lthooks] Update code for hook 'package/xcolor/after' on input line 48:

Code labels for sorting:
 xeCJK

Data structure for label rules:
 xeCJK = 0 -> 

[lthooks] Handled code for xeCJK
-> Adding cmd hook to 'set@color' (before):
-> Add generic cmd hook for set@color (before).
! In the preamble: delaying.
[lthooks] Add to hook 'cmd/set@color/before' (xeCJK/boundary) on input line 48
[lthooks]    <- \__xeCJK_boundary_hmode_transparent_begin: 
-> Adding cmd hook to 'set@color' (after):
-> Add generic cmd hook for set@color (after).
! In the preamble: delaying.
[lthooks] Add to hook 'cmd/set@color/after' (xeCJK/boundary) on input line 48
[lthooks]    <- \__xeCJK_boundary_hmode_transparent_end: 
-> Adding cmd hook to 'reset@color' (before):
-> Add generic cmd hook for reset@color (before).
! In the preamble: delaying.
[lthooks] Add to hook 'cmd/reset@color/before' (xeCJK/boundary) on input line 48
[lthooks]    <- \__xeCJK_boundary_hmode_transparent_begin: 
-> Adding cmd hook to 'reset@color' (after):
-> Add generic cmd hook for reset@color (after).
! In the preamble: delaying.
[lthooks] Add to hook 'cmd/reset@color/after' (xeCJK/boundary) on input line 48
[lthooks]    <- \__xeCJK_boundary_hmode_transparent_end: 
-> Adding cmd hook to 'color@b@x' (before):
-> Add generic cmd hook for color@b@x (before).
! In the preamble: delaying.
[lthooks] Add to hook 'cmd/color@b@x/before' (xeCJK/boundary) on input line 48
[lthooks]    <- \__xeCJK_boundary_inline_box_begin: 
-> Adding cmd hook to 'color@b@x' (after):
-> Add generic cmd hook for color@b@x (after).
! In the preamble: delaying.
[lthooks] Add to hook 'cmd/color@b@x/after' (xeCJK/boundary) on input line 48
[lthooks]    <- \__xeCJK_boundary_inline_box_end:n {auto}

[lthooks] Update code for hook 'package/after' on input line 48:


[lthooks] Update code for hook 'package/before' on input line 49:


[lthooks] Update code for hook 'file/before' on input line 49:

(c:/Users/28120/AppData/Roaming/TinyTeX/texmf-dist/tex/latex/colortbl/colortbl.sty
Package: colortbl 2026/05/01 v1.0l Color table columns (DPC)


[lthooks] Update code for hook 'package/before' on input line 28:


[lthooks] Update code for hook 'file/before' on input line 28:

(c:/Users/28120/AppData/Roaming/TinyTeX/texmf-dist/tex/latex/tools/array.sty
Package: array 2026/02/24 v2.7b Tabular extension package (FMi)
\col@sep=\dimen268
\ar@mcellbox=\box63
\extrarowheight=\dimen269
\NC@list=\toks24
\extratabsurround=\skip67
\backup@length=\skip68
\ar@cellbox=\box64
)

[lthooks] Update code for hook 'file/after' on input line 28:


[lthooks] Update code for hook 'package/after' on input line 28:

new hooks used!!
[lthooks] Add to hook 'tbl/row/end' (colortbl) on input line 126
[lthooks]    <- \global \let \CT@row@color \relax 
[lthooks] Add to hook 'tbl/row/init' (colortbl) on input line 126
[lthooks]    <- \@rowc@lors 
[lthooks] Add to hook 'begindocument' (colortbl) on input line 142
[lthooks]    <- \expandafter \def \expandafter \@tabarray \expandafter {\expandafter \CT@start \@tabarray }
\minrowclearance=\skip69
\rownum=\count334
[lthooks] Add to hook 'begindocument' (colortbl) on input line 315
[lthooks]    <- \def \@tempa {$\hfil \egroup \box \z@ \box \tw@ }\ifx \@tempa \DC@endright \def \DC@endright {$\hfil \egroup \ifx \DC@rl \bgroup \hskip \stretch {-.5}\box \z@ \box \tw@ \hskip \stretch {-.5}\else \box \z@ \box \tw@ \fi }\else \def \@tempa {$\hfil \egroup \hfill \box \z@ \box \tw@ }\ifx \@tempa \DC@endright \def \DC@endright {$\hfil \egroup \hskip \stretch {.5}\box \z@ \box \tw@ \hskip \stretch {-.5}}\fi \fi 
[lthooks] Add to hook 'begindocument' (colortbl) on input line 389
[lthooks]    <- \ifx \hhline \@undefined \else \def \HH@box ##1##2{\vbox {{\ifx \CT@drsc@ \relax \else \global \dimen \thr@@ \tw@ \arrayrulewidth \global \advance \dimen \thr@@ \doublerulesep {\CT@drsc@ \hrule \@height \dimen \thr@@ \vskip -\dimen \thr@@ }\fi \CT@arc@ \hrule \@height \arrayrulewidth \@width ##1 \vskip \doublerulesep \hrule \@height \arrayrulewidth \@width ##2}}} \def \HH@loop {\ifx \@tempb `\def \next ####1{\the \toks@ \CT@tbl@gdecr@row@count \cr }\else \let \next \HH@let \ifx \@tempb |\if@tempswa \ifx \CT@drsc@ \relax \HH@add {\hskip \doublerulesep }\else \HH@add {{\CT@drsc@ \vrule \@width \doublerulesep }}\fi \fi \@tempswatrue \HH@add {{\CT@arc@ \vline }}\else \ifx \@tempb :\if@tempswa \ifx \CT@drsc@ \relax \HH@add {\hskip \doublerulesep }\else \HH@add {{\CT@drsc@ \vrule \@width \doublerulesep }}\fi \fi \@tempswatrue \HH@add {\@tempc \HH@box \arrayrulewidth \arrayrulewidth \@tempc }\else \ifx \@tempb ####\if@tempswa \HH@add {\hskip \doublerulesep }\fi \@tempswatrue \HH@add {{\CT@arc@ \vline \copy \@ne \@tempc \vline }}\else \ifx \@tempb ~\@tempswafalse \if@firstamp \@firstampfalse \else \HH@add {&\omit }\fi \ifx \CT@drsc@ \relax \HH@add {\hfil }\else \HH@add {{\CT@drsc@ \leaders \hrule \@height \HH@height \hfil }}\fi \else \ifx \@tempb -\@tempswafalse \gdef \HH@height {\arrayrulewidth }\if@firstamp \@firstampfalse \else \HH@add {&\omit }\fi \HH@add {{\CT@arc@ \leaders \hrule \@height \arrayrulewidth \hfil }}\else \ifx \@tempb =\@tempswafalse \gdef \HH@height {\dimen \thr@@ }\if@firstamp \@firstampfalse \else \HH@add {&\omit }\fi \HH@add {\rlap {\copy \@ne }\leaders \copy \@ne \hfil \llap {\copy \@ne }}\else \ifx \@tempb t\HH@add {\def \HH@height {\dimen \thr@@ }\HH@box \doublerulesep \z@ }\@tempswafalse \else \ifx \@tempb b\HH@add {\def \HH@height {\dimen \thr@@ }\HH@box \z@ \doublerulesep }\@tempswafalse \else \ifx \@tempb >\def \next ####1####2{\HH@add {{\baselineskip \p@ \relax ####2\global \setbox \@ne \HH@box \doublerulesep \doublerulesep }}\HH@let !}\else \ifx \@tempb \@sptoken \let \next \HH@spacelet \else \PackageWarning {hhline}{\meaning \@tempb \space ignored in \noexpand \hhline argument\MessageBreak }\fi \fi \fi \fi \fi \fi \fi \fi \fi \fi \fi \next } \lowercase {\def \HH@spacelet } {\futurelet \@tempb \HH@loop } \fi 
[lthooks] Add to hook 'begindocument' (colortbl) on input line 430
[lthooks]    <- \def \LT@@hline {\ifx \LT@next \hline \global \let \LT@next \@gobble \ifx \CT@drsc@ \relax \gdef \CT@LT@sep {\noalign {\penalty -\@medpenalty \vskip \doublerulesep }}\else \gdef \CT@LT@sep {\multispan \LT@cols {\tag_mc_begin:n {artifact}\CT@drsc@ \leaders \hrule \@height \doublerulesep \hfill \tag_mc_end: \tbl_gdecr_row_count: }\cr }\fi \else \global \let \LT@next \empty \gdef \CT@LT@sep {\noalign {\penalty -\@lowpenalty \vskip -\arrayrulewidth }}\fi \ifnum 0=`{\fi }\multispan \LT@cols {\tag_mc_begin:n {artifact}\CT@arc@ \leaders \hrule \@height \arrayrulewidth \hfill \tag_mc_end: \tbl_gdecr_row_count: }\cr \CT@LT@sep \multispan \LT@cols {\tag_mc_begin:n {artifact}\CT@arc@ \leaders \hrule \@height \arrayrulewidth \hfill \tag_mc_end: \tbl_gdecr_row_count: }\cr \noalign {\penalty \@M }\LT@next }
)

[lthooks] Update code for hook 'file/after' on input line 49:


[lthooks] Update code for hook 'package/after' on input line 49:


[lthooks] Update code for hook 'package/before' on input line 50:


[lthooks] Update code for hook 'file/before' on input line 50:

(c:/Users/28120/AppData/Roaming/TinyTeX/texmf-dist/tex/latex/multirow/multirow.sty
Package: multirow 2024/11/12 v2.9 Span multiple rows of a table
\multirow@colwidth=\skip70
\multirow@cntb=\count335
\multirow@dima=\skip71
\bigstrutjot=\dimen270
)

[lthooks] Update code for hook 'file/after' on input line 50:


[lthooks] Update code for hook 'package/after' on input line 50:


[lthooks] Update code for hook 'package/before' on input line 50:


[lthooks] Update code for hook 'file/before' on input line 50:

(c:/Users/28120/AppData/Roaming/TinyTeX/texmf-dist/tex/latex/tools/calc.sty
Package: calc 2025/03/01 v4.3b Infix arithmetic (KKT,FJ)
\calc@Acount=\count336
\calc@Bcount=\count337
\calc@Adimen=\dimen271
\calc@Bdimen=\dimen272
\calc@Askip=\skip72
\calc@Bskip=\skip73

[lthooks] Add to hook 'begindocument' (calc) on input line 85
[lthooks]    <- \@ifpackageloaded {amstext}{\def \addtocounter ##1##2{\iffirstchoice@ \@ifundefined {c@##1}{\@nocounterr {##1}}{\calc@assign@count {\global \advance \csname c@##1\endcsname }{##2}}\fi }\def \stepcounter ##1{\iffirstchoice@ \@ifundefined {c@##1}{\@nocounterr {##1}}{\global \advance \csname c@##1\endcsname \@ne \begingroup \let \@elt \@stpelt \csname cl@##1\endcsname \endgroup }\fi }}{}
LaTeX Info: Redefining \setlength on input line 86.
LaTeX Info: Redefining \addtolength on input line 87.
\calc@Ccount=\count338
\calc@Cskip=\skip74
)

[lthooks] Update code for hook 'file/after' on input line 50:


[lthooks] Update code for hook 'package/after' on input line 50:


[lthooks] Update code for hook 'package/before' on input line 51:


[lthooks] Update code for hook 'file/before' on input line 51:

(c:/Users/28120/AppData/Roaming/TinyTeX/texmf-dist/tex/latex/tools/multicol.sty
Package: multicol 2025/10/21 v2.0b multicolumn formatting (FMi)
\c@tracingmulticols=\count339
\mult@box=\box65
\multicol@leftmargin=\dimen273
\c@unbalance=\count340
\c@collectmore=\count341
\doublecol@number=\count342
\multicoltolerance=\count343
\multicolpretolerance=\count344
\full@width=\dimen274
\page@free=\dimen275
\premulticols=\dimen276
\postmulticols=\dimen277
\multicolsep=\skip75
\multicolbaselineskip=\skip76
\partial@page=\box66
\last@line=\box67
\mc@boxedresult=\box68
\maxbalancingoverflow=\dimen278
\mult@rightbox=\box69
\mult@grightbox=\box70
\mult@firstbox=\box71
\mult@gfirstbox=\box72
\@tempa=\box73
\@tempa=\box74
\@tempa=\box75
\@tempa=\box76
\@tempa=\box77
\@tempa=\box78
\@tempa=\box79
\@tempa=\box80
\@tempa=\box81
\@tempa=\box82
\@tempa=\box83
\@tempa=\box84
\@tempa=\box85
\@tempa=\box86
\@tempa=\box87
\@tempa=\box88
\@tempa=\box89
\@tempa=\box90
\@tempa=\box91
\@tempa=\box92
\@tempa=\box93
\@tempa=\box94
\@tempa=\box95
\@tempa=\box96
\@tempa=\box97
\@tempa=\box98
\@tempa=\box99
\@tempa=\box100
\@tempa=\box101
\@tempa=\box102
\@tempa=\box103
\@tempa=\box104
\@tempa=\box105
\@tempa=\box106
\@tempa=\box107
\@tempa=\box108
\c@minrows=\count345
\c@columnbadness=\count346
\c@finalcolumnbadness=\count347
\last@try=\dimen279
\multicolovershoot=\dimen280
\multicolundershoot=\dimen281
\mult@nat@firstbox=\box109
\colbreak@box=\box110
\mc@col@check@num=\count348

[lthooks] Add to hook 'enddocument' (multicol) on input line 1048
[lthooks]    <- \def \mc@set@col@status ##1##2{\ifnum ##2=\mc@curr@col@status \else \@tempswatrue \fi }
\g__mc_curr_col_int=\count349
)

[lthooks] Update code for hook 'file/after' on input line 51:


[lthooks] Update code for hook 'package/after' on input line 51:


[lthooks] Update code for hook 'selectfont' on input line 77:

Code labels for sorting:
 ctexart

Data structure for label rules:
 ctexart = 0 -> 

[lthooks] Handled code for ctexart
\rowmax=\count350
\celllines=\count351
)

[lthooks] Update code for hook 'file/after' on input line 2:


[lthooks] Update code for hook 'file/before' on input line 2:

(./qp-parts.tex)

[lthooks] Update code for hook 'file/after' on input line 2:


[lthooks] Update code for hook 'file/before' on input line 2:

(./qp-headfoot.tex

[lthooks] Update code for hook 'package/before' on input line 18:


[lthooks] Update code for hook 'file/before' on input line 18:

(c:/Users/28120/AppData/Roaming/TinyTeX/texmf-dist/tex/latex/fancyhdr/fancyhdr.sty
Package: fancyhdr 2025/02/07 v5.2 Extensive control of page headers and footers
\f@nch@headwidth=\skip77
\f@nch@offset@elh=\skip78
\f@nch@offset@erh=\skip79
\f@nch@offset@olh=\skip80
\f@nch@offset@orh=\skip81
\f@nch@offset@elf=\skip82
\f@nch@offset@erf=\skip83
\f@nch@offset@olf=\skip84
\f@nch@offset@orf=\skip85
\f@nch@height=\skip86
\f@nch@footalignment=\skip87
\f@nch@widthL=\skip88
\f@nch@widthC=\skip89
\f@nch@widthR=\skip90

[lthooks] Add to hook 'begindocument' (fancyhdr) on input line 684
[lthooks]    <- \let \latex@makecol \@makecol \def \@makecol {\ifvoid \footins \f@nch@footnotefalse \else \f@nch@footnotetrue \fi \let \f@nch@topfloat \@toplist \let \f@nch@botfloat \@botlist \latex@makecol }
\@temptokenb=\toks25
)

[lthooks] Update code for hook 'file/after' on input line 18:


[lthooks] Update code for hook 'package/fancyhdr/after' on input line 18:

Code labels for sorting:
 ctexart

Data structure for label rules:
 ctexart = 0 -> 

[lthooks] Handled code for ctexart

[lthooks] Update code for hook 'package/after' on input line 18:

)

[lthooks] Update code for hook 'file/after' on input line 2:


[lthooks] Update code for hook 'file/before' on input line 2:

(./qp-titles.tex

[lthooks] Update code for hook 'package/before' on input line 17:


[lthooks] Update code for hook 'file/before' on input line 17:

(c:/Users/28120/AppData/Roaming/TinyTeX/texmf-dist/tex/latex/needspace/needspace.sty
Package: needspace 2025/03/13 v1.3e reserve vertical space
)

[lthooks] Update code for hook 'file/after' on input line 17:


[lthooks] Update code for hook 'package/after' on input line 17:

)

[lthooks] Update code for hook 'file/after' on input line 2:


[lthooks] Update code for hook 'file/before' on input line 2:

(./qp-blocks.tex

[lthooks] Update code for hook 'package/before' on input line 33:


[lthooks] Update code for hook 'file/before' on input line 33:

(c:/Users/28120/AppData/Roaming/TinyTeX/texmf-dist/tex/latex/pgf/frontendlayer/tikz.sty

[lthooks] Update code for hook 'package/before' on input line 12:


[lthooks] Update code for hook 'file/before' on input line 12:

(c:/Users/28120/AppData/Roaming/TinyTeX/texmf-dist/tex/latex/pgf/basiclayer/pgf.sty

[lthooks] Update code for hook 'package/before' on input line 12:


[lthooks] Update code for hook 'file/before' on input line 12:

(c:/Users/28120/AppData/Roaming/TinyTeX/texmf-dist/tex/latex/pgf/utilities/pgfrcs.sty

[lthooks] Update code for hook 'file/before' on input line 10:

(c:/Users/28120/AppData/Roaming/TinyTeX/texmf-dist/tex/generic/pgf/utilities/pgfutil-common.tex
\pgfutil@everybye=\toks26
\pgfutil@tempdima=\dimen282
\pgfutil@tempdimb=\dimen283
)

[lthooks] Update code for hook 'file/after' on input line 10:


[lthooks] Update code for hook 'file/before' on input line 11:

(c:/Users/28120/AppData/Roaming/TinyTeX/texmf-dist/tex/generic/pgf/utilities/pgfutil-latex.def
[lthooks] Add to hook 'begindocument' (pgfrcs) on input line 98
[lthooks]    <- \AtEndDocument {\if \relax \detokenize \expandafter {\the \pgfutil@everybye }\relax \else \expandafter \clearpage \expandafter \the \expandafter \pgfutil@everybye \fi }
\pgfutil@abb=\box111
[lthooks] Add to hook 'shipout/background' (pgfrcs) on input line 194
[lthooks]    <- \put (\hoffset -1in,\voffset -1in){\pgfutil@abe \unhbox \pgfutil@abb \pgfutil@abc \global \let \pgfutil@abc \pgfutil@empty }
)

[lthooks] Update code for hook 'file/after' on input line 11:


[lthooks] Update code for hook 'file/before' on input line 13:

(c:/Users/28120/AppData/Roaming/TinyTeX/texmf-dist/tex/generic/pgf/utilities/pgfrcs.code.tex

[lthooks] Update code for hook 'file/before' on input line 30:

(c:/Users/28120/AppData/Roaming/TinyTeX/texmf-dist/tex/generic/pgf/pgf.revision.tex)

[lthooks] Update code for hook 'file/after' on input line 30:

Package: pgfrcs 2026-08-01 v3.1.12 (3.1.12)
)

[lthooks] Update code for hook 'file/after' on input line 13:

)

[lthooks] Update code for hook 'file/after' on input line 12:


[lthooks] Update code for hook 'package/after' on input line 12:

Package: pgf 2026-08-01 v3.1.12 (3.1.12)

[lthooks] Update code for hook 'package/before' on input line 29:


[lthooks] Update code for hook 'file/before' on input line 29:

(c:/Users/28120/AppData/Roaming/TinyTeX/texmf-dist/tex/latex/pgf/basiclayer/pgfcore.sty

[lthooks] Update code for hook 'package/before' on input line 12:


[lthooks] Update code for hook 'file/before' on input line 12:

(c:/Users/28120/AppData/Roaming/TinyTeX/texmf-dist/tex/latex/pgf/systemlayer/pgfsys.sty

[lthooks] Update code for hook 'file/before' on input line 16:

(c:/Users/28120/AppData/Roaming/TinyTeX/texmf-dist/tex/generic/pgf/systemlayer/pgfsys.code.tex
Package: pgfsys 2026-08-01 v3.1.12 (3.1.12)


[lthooks] Update code for hook 'file/before' on input line 15:

(c:/Users/28120/AppData/Roaming/TinyTeX/texmf-dist/tex/generic/pgf/utilities/pgfkeys.code.tex
\pgfkeys@pathtoks=\toks27
\pgfkeys@temptoks=\toks28


[lthooks] Update code for hook 'file/before' on input line 1262:

(c:/Users/28120/AppData/Roaming/TinyTeX/texmf-dist/tex/generic/pgf/utilities/pgfkeyslibraryfiltered.code.tex
\pgfkeys@tmptoks=\toks29
)

[lthooks] Update code for hook 'file/after' on input line 1262:

)

[lthooks] Update code for hook 'file/after' on input line 15:

\pgf@x=\dimen284
\pgf@y=\dimen285
\pgf@xa=\dimen286
\pgf@ya=\dimen287
\pgf@xb=\dimen288
\pgf@yb=\dimen289
\pgf@xc=\dimen290
\pgf@yc=\dimen291
\pgf@xd=\dimen292
\pgf@yd=\dimen293
\w@pgf@writea=\write3
\r@pgf@reada=\read2
\c@pgf@counta=\count352
\c@pgf@countb=\count353
\c@pgf@countc=\count354
\c@pgf@countd=\count355
\t@pgf@toka=\toks30
\t@pgf@tokb=\toks31
\t@pgf@tokc=\toks32
\pgf@sys@id@count=\count356

[lthooks] Update code for hook 'file/before' on input line 1780:

(c:/Users/28120/AppData/Roaming/TinyTeX/texmf-dist/tex/generic/pgf/systemlayer/pgf.cfg
File: pgf.cfg 2026-08-01 v3.1.12 (3.1.12)
)

[lthooks] Update code for hook 'file/after' on input line 1780:

Driver file for pgf: pgfsys-xetex.def

[lthooks] Update code for hook 'file/before' on input line 1784:

(c:/Users/28120/AppData/Roaming/TinyTeX/texmf-dist/tex/generic/pgf/systemlayer/pgfsys-xetex.def
File: pgfsys-xetex.def 2026-08-01 v3.1.12 (3.1.12)


[lthooks] Update code for hook 'file/before' on input line 12:

(c:/Users/28120/AppData/Roaming/TinyTeX/texmf-dist/tex/generic/pgf/systemlayer/pgfsys-dvipdfmx.def
File: pgfsys-dvipdfmx.def 2026-08-01 v3.1.12 (3.1.12)


[lthooks] Update code for hook 'file/before' on input line 22:

(c:/Users/28120/AppData/Roaming/TinyTeX/texmf-dist/tex/generic/pgf/systemlayer/pgfsys-common-pdf.def
File: pgfsys-common-pdf.def 2026-08-01 v3.1.12 (3.1.12)
)

[lthooks] Update code for hook 'file/after' on input line 22:

\pgfsys@objnum=\count357
)

[lthooks] Update code for hook 'file/after' on input line 12:

)

[lthooks] Update code for hook 'file/after' on input line 1784:

[lthooks] Add to hook 'begindocument' (pgfsys) on input line 1793
[lthooks]    <-  \pgfsys@atbegindocument \let \pgfsys@atbegindocument =\pgfutil@empty 
)

[lthooks] Update code for hook 'file/after' on input line 16:


[lthooks] Update code for hook 'file/before' on input line 17:

(c:/Users/28120/AppData/Roaming/TinyTeX/texmf-dist/tex/generic/pgf/systemlayer/pgfsyssoftpath.code.tex
File: pgfsyssoftpath.code.tex 2026-08-01 v3.1.12 (3.1.12)
\pgfsyssoftpath@smallbuffer@items=\count358
\pgfsyssoftpath@bigbuffer@items=\count359
)

[lthooks] Update code for hook 'file/after' on input line 17:


[lthooks] Update code for hook 'file/before' on input line 18:

(c:/Users/28120/AppData/Roaming/TinyTeX/texmf-dist/tex/generic/pgf/systemlayer/pgfsysprotocol.code.tex
File: pgfsysprotocol.code.tex 2026-08-01 v3.1.12 (3.1.12)
)

[lthooks] Update code for hook 'file/after' on input line 18:

)

[lthooks] Update code for hook 'file/after' on input line 12:


[lthooks] Update code for hook 'package/after' on input line 12:


[lthooks] Update code for hook 'file/before' on input line 15:

(c:/Users/28120/AppData/Roaming/TinyTeX/texmf-dist/tex/generic/pgf/basiclayer/pgfcore.code.tex
Package: pgfcore 2026-08-01 v3.1.12 (3.1.12)


[lthooks] Update code for hook 'file/before' on input line 16:

(c:/Users/28120/AppData/Roaming/TinyTeX/texmf-dist/tex/generic/pgf/math/pgfmath.code.tex

[lthooks] Update code for hook 'file/before' on input line 23:

(c:/Users/28120/AppData/Roaming/TinyTeX/texmf-dist/tex/generic/pgf/math/pgfmathutil.code.tex)

[lthooks] Update code for hook 'file/after' on input line 23:


[lthooks] Update code for hook 'file/before' on input line 24:

(c:/Users/28120/AppData/Roaming/TinyTeX/texmf-dist/tex/generic/pgf/math/pgfmathparser.code.tex
\pgfmath@dimen=\dimen294
\pgfmath@count=\count360
\pgfmath@box=\box112
\pgfmath@toks=\toks33
\pgfmath@stack@operand=\toks34
\pgfmath@stack@operation=\toks35
)

[lthooks] Update code for hook 'file/after' on input line 24:


[lthooks] Update code for hook 'file/before' on input line 25:

(c:/Users/28120/AppData/Roaming/TinyTeX/texmf-dist/tex/generic/pgf/math/pgfmathfunctions.code.tex)

[lthooks] Update code for hook 'file/after' on input line 25:


[lthooks] Update code for hook 'file/before' on input line 26:

(c:/Users/28120/AppData/Roaming/TinyTeX/texmf-dist/tex/generic/pgf/math/pgfmathfunctions.basic.code.tex)

[lthooks] Update code for hook 'file/after' on input line 26:


[lthooks] Update code for hook 'file/before' on input line 27:

(c:/Users/28120/AppData/Roaming/TinyTeX/texmf-dist/tex/generic/pgf/math/pgfmathfunctions.trigonometric.code.tex)

[lthooks] Update code for hook 'file/after' on input line 27:


[lthooks] Update code for hook 'file/before' on input line 28:

(c:/Users/28120/AppData/Roaming/TinyTeX/texmf-dist/tex/generic/pgf/math/pgfmathfunctions.random.code.tex)

[lthooks] Update code for hook 'file/after' on input line 28:


[lthooks] Update code for hook 'file/before' on input line 29:

(c:/Users/28120/AppData/Roaming/TinyTeX/texmf-dist/tex/generic/pgf/math/pgfmathfunctions.comparison.code.tex)

[lthooks] Update code for hook 'file/after' on input line 29:


[lthooks] Update code for hook 'file/before' on input line 30:

(c:/Users/28120/AppData/Roaming/TinyTeX/texmf-dist/tex/generic/pgf/math/pgfmathfunctions.base.code.tex)

[lthooks] Update code for hook 'file/after' on input line 30:


[lthooks] Update code for hook 'file/before' on input line 31:

(c:/Users/28120/AppData/Roaming/TinyTeX/texmf-dist/tex/generic/pgf/math/pgfmathfunctions.round.code.tex)

[lthooks] Update code for hook 'file/after' on input line 31:


[lthooks] Update code for hook 'file/before' on input line 32:

(c:/Users/28120/AppData/Roaming/TinyTeX/texmf-dist/tex/generic/pgf/math/pgfmathfunctions.misc.code.tex)

[lthooks] Update code for hook 'file/after' on input line 32:


[lthooks] Update code for hook 'file/before' on input line 33:

(c:/Users/28120/AppData/Roaming/TinyTeX/texmf-dist/tex/generic/pgf/math/pgfmathfunctions.integerarithmetics.code.tex)

[lthooks] Update code for hook 'file/after' on input line 33:


[lthooks] Update code for hook 'file/before' on input line 34:

(c:/Users/28120/AppData/Roaming/TinyTeX/texmf-dist/tex/generic/pgf/math/pgfmathcalc.code.tex)

[lthooks] Update code for hook 'file/after' on input line 34:


[lthooks] Update code for hook 'file/before' on input line 35:

(c:/Users/28120/AppData/Roaming/TinyTeX/texmf-dist/tex/generic/pgf/math/pgfmathfloat.code.tex
\c@pgfmathroundto@lastzeros=\count361
)

[lthooks] Update code for hook 'file/after' on input line 35:

)

[lthooks] Update code for hook 'file/after' on input line 16:


[lthooks] Update code for hook 'file/before' on input line 20:

(c:/Users/28120/AppData/Roaming/TinyTeX/texmf-dist/tex/generic/pgf/math/pgfint.code.tex)

[lthooks] Update code for hook 'file/after' on input line 20:


[lthooks] Update code for hook 'file/before' on input line 23:

(c:/Users/28120/AppData/Roaming/TinyTeX/texmf-dist/tex/generic/pgf/basiclayer/pgfcorepoints.code.tex
File: pgfcorepoints.code.tex 2026-08-01 v3.1.12 (3.1.12)
\pgf@picminx=\dimen295
\pgf@picmaxx=\dimen296
\pgf@picminy=\dimen297
\pgf@picmaxy=\dimen298
\pgf@pathminx=\dimen299
\pgf@pathmaxx=\dimen300
\pgf@pathminy=\dimen301
\pgf@pathmaxy=\dimen302
\pgf@xx=\dimen303
\pgf@xy=\dimen304
\pgf@yx=\dimen305
\pgf@yy=\dimen306
\pgf@zx=\dimen307
\pgf@zy=\dimen308


[lthooks] Update code for hook 'selectfont' on input line 926:

Code labels for sorting:
 ctexart

Data structure for label rules:
 ctexart = 0 -> 

[lthooks] Handled code for ctexart

[lthooks] Update code for hook 'selectfont' on input line 926:

Code labels for sorting:
 ctexart

Data structure for label rules:
 ctexart = 0 -> 

[lthooks] Handled code for ctexart

[lthooks] Update code for hook 'selectfont' on input line 927:

Code labels for sorting:
 ctexart

Data structure for label rules:
 ctexart = 0 -> 

[lthooks] Handled code for ctexart

[lthooks] Update code for hook 'selectfont' on input line 927:

Code labels for sorting:
 ctexart

Data structure for label rules:
 ctexart = 0 -> 

[lthooks] Handled code for ctexart

[lthooks] Update code for hook 'selectfont' on input line 928:

Code labels for sorting:
 ctexart

Data structure for label rules:
 ctexart = 0 -> 

[lthooks] Handled code for ctexart

[lthooks] Update code for hook 'selectfont' on input line 928:

Code labels for sorting:
 ctexart

Data structure for label rules:
 ctexart = 0 -> 

[lthooks] Handled code for ctexart
)

[lthooks] Update code for hook 'file/after' on input line 23:


[lthooks] Update code for hook 'file/before' on input line 24:

(c:/Users/28120/AppData/Roaming/TinyTeX/texmf-dist/tex/generic/pgf/basiclayer/pgfcorepathconstruct.code.tex
File: pgfcorepathconstruct.code.tex 2026-08-01 v3.1.12 (3.1.12)
\pgf@path@lastx=\dimen309
\pgf@path@lasty=\dimen310
)

[lthooks] Update code for hook 'file/after' on input line 24:


[lthooks] Update code for hook 'file/before' on input line 25:

(c:/Users/28120/AppData/Roaming/TinyTeX/texmf-dist/tex/generic/pgf/basiclayer/pgfcorepathusage.code.tex
File: pgfcorepathusage.code.tex 2026-08-01 v3.1.12 (3.1.12)
\pgf@shorten@end@additional=\dimen311
\pgf@shorten@start@additional=\dimen312
)

[lthooks] Update code for hook 'file/after' on input line 25:


[lthooks] Update code for hook 'file/before' on input line 26:

(c:/Users/28120/AppData/Roaming/TinyTeX/texmf-dist/tex/generic/pgf/basiclayer/pgfcorescopes.code.tex
File: pgfcorescopes.code.tex 2026-08-01 v3.1.12 (3.1.12)
\pgfpic=\box113
\pgf@hbox=\box114
\pgf@layerbox@main=\box115
\pgf@picture@serial@count=\count362
)

[lthooks] Update code for hook 'file/after' on input line 26:


[lthooks] Update code for hook 'file/before' on input line 27:

(c:/Users/28120/AppData/Roaming/TinyTeX/texmf-dist/tex/generic/pgf/basiclayer/pgfcoregraphicstate.code.tex
File: pgfcoregraphicstate.code.tex 2026-08-01 v3.1.12 (3.1.12)
\pgflinewidth=\dimen313
)

[lthooks] Update code for hook 'file/after' on input line 27:


[lthooks] Update code for hook 'file/before' on input line 28:

(c:/Users/28120/AppData/Roaming/TinyTeX/texmf-dist/tex/generic/pgf/basiclayer/pgfcoretransformations.code.tex
File: pgfcoretransformations.code.tex 2026-08-01 v3.1.12 (3.1.12)
\pgf@pt@x=\dimen314
\pgf@pt@y=\dimen315
\pgf@pt@temp=\dimen316
)

[lthooks] Update code for hook 'file/after' on input line 28:


[lthooks] Update code for hook 'file/before' on input line 29:

(c:/Users/28120/AppData/Roaming/TinyTeX/texmf-dist/tex/generic/pgf/basiclayer/pgfcorequick.code.tex
File: pgfcorequick.code.tex 2026-08-01 v3.1.12 (3.1.12)
)

[lthooks] Update code for hook 'file/after' on input line 29:


[lthooks] Update code for hook 'file/before' on input line 30:

(c:/Users/28120/AppData/Roaming/TinyTeX/texmf-dist/tex/generic/pgf/basiclayer/pgfcoreobjects.code.tex
File: pgfcoreobjects.code.tex 2026-08-01 v3.1.12 (3.1.12)
)

[lthooks] Update code for hook 'file/after' on input line 30:


[lthooks] Update code for hook 'file/before' on input line 31:

(c:/Users/28120/AppData/Roaming/TinyTeX/texmf-dist/tex/generic/pgf/basiclayer/pgfcorepathprocessing.code.tex
File: pgfcorepathprocessing.code.tex 2026-08-01 v3.1.12 (3.1.12)
)

[lthooks] Update code for hook 'file/after' on input line 31:


[lthooks] Update code for hook 'file/before' on input line 32:

(c:/Users/28120/AppData/Roaming/TinyTeX/texmf-dist/tex/generic/pgf/basiclayer/pgfcorearrows.code.tex
File: pgfcorearrows.code.tex 2026-08-01 v3.1.12 (3.1.12)
\pgfarrowsep=\dimen317


[lthooks] Update code for hook 'selectfont' on input line 1063:

Code labels for sorting:
 ctexart

Data structure for label rules:
 ctexart = 0 -> 

[lthooks] Handled code for ctexart
)

[lthooks] Update code for hook 'file/after' on input line 32:


[lthooks] Update code for hook 'file/before' on input line 33:

(c:/Users/28120/AppData/Roaming/TinyTeX/texmf-dist/tex/generic/pgf/basiclayer/pgfcoreshade.code.tex
File: pgfcoreshade.code.tex 2026-08-01 v3.1.12 (3.1.12)
\pgf@max=\dimen318
\pgf@sys@shading@range@num=\count363
\pgf@shadingcount=\count364
)

[lthooks] Update code for hook 'file/after' on input line 33:


[lthooks] Update code for hook 'file/before' on input line 34:

(c:/Users/28120/AppData/Roaming/TinyTeX/texmf-dist/tex/generic/pgf/basiclayer/pgfcoreimage.code.tex
File: pgfcoreimage.code.tex 2026-08-01 v3.1.12 (3.1.12)
)

[lthooks] Update code for hook 'file/after' on input line 34:


[lthooks] Update code for hook 'file/before' on input line 35:

(c:/Users/28120/AppData/Roaming/TinyTeX/texmf-dist/tex/generic/pgf/basiclayer/pgfcoreexternal.code.tex
File: pgfcoreexternal.code.tex 2026-08-01 v3.1.12 (3.1.12)
\pgfexternal@startupbox=\box116

[lthooks] Add to hook 'begindocument' (pgfcore) on input line 169
[lthooks]    <- \ifpgf@external@grabshipout \global \let \pgfexternal@originalshipout =\shipout \global \def \shipout {\setbox \pgfpic =}\maxdeadcycles =10000{\output {\global \setbox \pgfexternal@startupbox =\vbox {\csname @begindvi\endcsname \unvbox 255}}\hbox {}\eject }\fi 
[lthooks] Add to hook 'enddocument' (pgfcore) on input line 179
[lthooks]    <- \ifpgf@external@grabshipout \pgfutil@ifundefined {pgfexternal@did@a@shipout}{\pgfexternal@error@no@shipout }{}\fi 
[lthooks] Add to hook 'begindocument' (pgfcore) on input line 216
[lthooks]    <-  \let \beginpgfgraphicnamed =\pgf@externalbegin \let \endpgfgraphicnamed =\unskip 
)

[lthooks] Update code for hook 'file/after' on input line 35:


[lthooks] Update code for hook 'file/before' on input line 36:

(c:/Users/28120/AppData/Roaming/TinyTeX/texmf-dist/tex/generic/pgf/basiclayer/pgfcorelayers.code.tex
File: pgfcorelayers.code.tex 2026-08-01 v3.1.12 (3.1.12)
)

[lthooks] Update code for hook 'file/after' on input line 36:


[lthooks] Update code for hook 'file/before' on input line 37:

(c:/Users/28120/AppData/Roaming/TinyTeX/texmf-dist/tex/generic/pgf/basiclayer/pgfcoretransparency.code.tex
File: pgfcoretransparency.code.tex 2026-08-01 v3.1.12 (3.1.12)
)

[lthooks] Update code for hook 'file/after' on input line 37:


[lthooks] Update code for hook 'file/before' on input line 38:

(c:/Users/28120/AppData/Roaming/TinyTeX/texmf-dist/tex/generic/pgf/basiclayer/pgfcorepatterns.code.tex
File: pgfcorepatterns.code.tex 2026-08-01 v3.1.12 (3.1.12)
)

[lthooks] Update code for hook 'file/after' on input line 38:


[lthooks] Update code for hook 'file/before' on input line 39:

(c:/Users/28120/AppData/Roaming/TinyTeX/texmf-dist/tex/generic/pgf/basiclayer/pgfcorerdf.code.tex
File: pgfcorerdf.code.tex 2026-08-01 v3.1.12 (3.1.12)
)

[lthooks] Update code for hook 'file/after' on input line 39:

)

[lthooks] Update code for hook 'file/after' on input line 15:

)

[lthooks] Update code for hook 'file/after' on input line 29:


[lthooks] Update code for hook 'package/after' on input line 29:


[lthooks] Update code for hook 'file/before' on input line 30:

(c:/Users/28120/AppData/Roaming/TinyTeX/texmf-dist/tex/generic/pgf/modules/pgfmoduleshapes.code.tex
File: pgfmoduleshapes.code.tex 2026-08-01 v3.1.12 (3.1.12)
\pgfnodeparttextbox=\box117
)

[lthooks] Update code for hook 'file/after' on input line 30:


[lthooks] Update code for hook 'file/before' on input line 30:

(c:/Users/28120/AppData/Roaming/TinyTeX/texmf-dist/tex/generic/pgf/modules/pgfmoduleplot.code.tex
File: pgfmoduleplot.code.tex 2026-08-01 v3.1.12 (3.1.12)
)

[lthooks] Update code for hook 'file/after' on input line 30:


[lthooks] Update code for hook 'package/before' on input line 37:


[lthooks] Update code for hook 'file/before' on input line 37:

(c:/Users/28120/AppData/Roaming/TinyTeX/texmf-dist/tex/latex/pgf/compatibility/pgfcomp-version-0-65.sty
Package: pgfcomp-version-0-65 2026-08-01 v3.1.12 (3.1.12)


[lthooks] Update code for hook 'selectfont' on input line 209:

Code labels for sorting:
 ctexart

Data structure for label rules:
 ctexart = 0 -> 

[lthooks] Handled code for ctexart

[lthooks] Update code for hook 'selectfont' on input line 214:

Code labels for sorting:
 ctexart

Data structure for label rules:
 ctexart = 0 -> 

[lthooks] Handled code for ctexart

[lthooks] Update code for hook 'selectfont' on input line 221:

Code labels for sorting:
 ctexart

Data structure for label rules:
 ctexart = 0 -> 

[lthooks] Handled code for ctexart

[lthooks] Update code for hook 'selectfont' on input line 226:

Code labels for sorting:
 ctexart

Data structure for label rules:
 ctexart = 0 -> 

[lthooks] Handled code for ctexart

[lthooks] Update code for hook 'selectfont' on input line 232:

Code labels for sorting:
 ctexart

Data structure for label rules:
 ctexart = 0 -> 

[lthooks] Handled code for ctexart

[lthooks] Update code for hook 'selectfont' on input line 237:

Code labels for sorting:
 ctexart

Data structure for label rules:
 ctexart = 0 -> 

[lthooks] Handled code for ctexart

[lthooks] Update code for hook 'selectfont' on input line 245:

Code labels for sorting:
 ctexart

Data structure for label rules:
 ctexart = 0 -> 

[lthooks] Handled code for ctexart
\pgf@nodesepstart=\dimen319
\pgf@nodesepend=\dimen320
)

[lthooks] Update code for hook 'file/after' on input line 37:


[lthooks] Update code for hook 'package/after' on input line 37:


[lthooks] Update code for hook 'package/before' on input line 37:


[lthooks] Update code for hook 'file/before' on input line 37:

(c:/Users/28120/AppData/Roaming/TinyTeX/texmf-dist/tex/latex/pgf/compatibility/pgfcomp-version-1-18.sty
Package: pgfcomp-version-1-18 2026-08-01 v3.1.12 (3.1.12)
)

[lthooks] Update code for hook 'file/after' on input line 37:


[lthooks] Update code for hook 'package/after' on input line 37:

)

[lthooks] Update code for hook 'file/after' on input line 12:


[lthooks] Update code for hook 'package/after' on input line 12:


[lthooks] Update code for hook 'package/before' on input line 12:


[lthooks] Update code for hook 'file/before' on input line 12:

(c:/Users/28120/AppData/Roaming/TinyTeX/texmf-dist/tex/latex/pgf/utilities/pgffor.sty

[lthooks] Update code for hook 'package/before' on input line 12:


[lthooks] Update code for hook 'file/before' on input line 12:

(c:/Users/28120/AppData/Roaming/TinyTeX/texmf-dist/tex/latex/pgf/utilities/pgfkeys.sty

[lthooks] Update code for hook 'file/before' on input line 10:

(c:/Users/28120/AppData/Roaming/TinyTeX/texmf-dist/tex/generic/pgf/utilities/pgfkeys.code.tex)

[lthooks] Update code for hook 'file/after' on input line 10:

)

[lthooks] Update code for hook 'file/after' on input line 12:


[lthooks] Update code for hook 'package/after' on input line 12:


[lthooks] Update code for hook 'package/before' on input line 13:


[lthooks] Update code for hook 'file/before' on input line 13:

(c:/Users/28120/AppData/Roaming/TinyTeX/texmf-dist/tex/latex/pgf/math/pgfmath.sty

[lthooks] Update code for hook 'file/before' on input line 11:

(c:/Users/28120/AppData/Roaming/TinyTeX/texmf-dist/tex/generic/pgf/math/pgfmath.code.tex)

[lthooks] Update code for hook 'file/after' on input line 11:

)

[lthooks] Update code for hook 'file/after' on input line 13:


[lthooks] Update code for hook 'package/after' on input line 13:


[lthooks] Update code for hook 'file/before' on input line 14:

(c:/Users/28120/AppData/Roaming/TinyTeX/texmf-dist/tex/generic/pgf/utilities/pgffor.code.tex
Package: pgffor 2026-08-01 v3.1.12 (3.1.12)
\pgffor@iter=\dimen321
\pgffor@skip=\dimen322
\pgffor@stack=\toks36
\pgffor@toks=\toks37
)

[lthooks] Update code for hook 'file/after' on input line 14:

)

[lthooks] Update code for hook 'file/after' on input line 12:


[lthooks] Update code for hook 'package/after' on input line 12:


[lthooks] Update code for hook 'file/before' on input line 13:

(c:/Users/28120/AppData/Roaming/TinyTeX/texmf-dist/tex/generic/pgf/frontendlayer/tikz/tikz.code.tex
Package: tikz 2026-08-01 v3.1.12 (3.1.12)


[lthooks] Update code for hook 'file/before' on input line 17:

(c:/Users/28120/AppData/Roaming/TinyTeX/texmf-dist/tex/generic/pgf/libraries/pgflibraryplothandlers.code.tex
File: pgflibraryplothandlers.code.tex 2026-08-01 v3.1.12 (3.1.12)
\pgf@plot@mark@count=\count365
\pgfplotmarksize=\dimen323
)

[lthooks] Update code for hook 'file/after' on input line 17:

\tikz@lastx=\dimen324
\tikz@lasty=\dimen325
\tikz@lastxsaved=\dimen326
\tikz@lastysaved=\dimen327
\tikz@lastmovetox=\dimen328
\tikz@lastmovetoy=\dimen329
\tikzleveldistance=\dimen330
\tikzsiblingdistance=\dimen331
\tikz@figbox=\box118
\tikz@figbox@bg=\box119
\tikz@tempbox=\box120
\tikz@tempbox@bg=\box121
\tikztreelevel=\count366
\tikznumberofchildren=\count367
\tikznumberofcurrentchild=\count368
\tikz@fig@count=\count369

[lthooks] Update code for hook 'selectfont' on input line 1196:

Code labels for sorting:
 ctexart

Data structure for label rules:
 ctexart = 0 -> 

[lthooks] Handled code for ctexart

[lthooks] Update code for hook 'selectfont' on input line 1196:

Code labels for sorting:
 ctexart

Data structure for label rules:
 ctexart = 0 -> 

[lthooks] Handled code for ctexart

[lthooks] Update code for hook 'selectfont' on input line 1196:

Code labels for sorting:
 ctexart

Data structure for label rules:
 ctexart = 0 -> 

[lthooks] Handled code for ctexart

[lthooks] Update code for hook 'file/before' on input line 1458:

(c:/Users/28120/AppData/Roaming/TinyTeX/texmf-dist/tex/generic/pgf/modules/pgfmodulematrix.code.tex
File: pgfmodulematrix.code.tex 2026-08-01 v3.1.12 (3.1.12)
\pgfmatrixcurrentrow=\count370
\pgfmatrixcurrentcolumn=\count371
\pgf@matrix@numberofcolumns=\count372
)

[lthooks] Update code for hook 'file/after' on input line 1458:

\tikz@expandcount=\count373

[lthooks] Update code for hook 'file/before' on input line 5601:

(c:/Users/28120/AppData/Roaming/TinyTeX/texmf-dist/tex/generic/pgf/frontendlayer/tikz/libraries/tikzlibrarytopaths.code.tex
File: tikzlibrarytopaths.code.tex 2026-08-01 v3.1.12 (3.1.12)
)

[lthooks] Update code for hook 'file/after' on input line 5601:

)

[lthooks] Update code for hook 'file/after' on input line 13:

)

[lthooks] Update code for hook 'file/after' on input line 33:


[lthooks] Update code for hook 'package/after' on input line 33:


[lthooks] Update code for hook 'file/before' on input line 33:

(c:/Users/28120/AppData/Roaming/TinyTeX/texmf-dist/tex/generic/pgf/frontendlayer/tikz/libraries/tikzlibraryshapes.geometric.code.tex
File: tikzlibraryshapes.geometric.code.tex 2026-08-01 v3.1.12 (3.1.12)


[lthooks] Update code for hook 'file/before' on input line 12:

(c:/Users/28120/AppData/Roaming/TinyTeX/texmf-dist/tex/generic/pgf/libraries/shapes/pgflibraryshapes.geometric.code.tex
File: pgflibraryshapes.geometric.code.tex 2026-08-01 v3.1.12 (3.1.12)
)

[lthooks] Update code for hook 'file/after' on input line 12:

)

[lthooks] Update code for hook 'file/after' on input line 33:

\kdmind=\skip91
\kdwd=\skip92
)

[lthooks] Update code for hook 'file/after' on input line 2:

[lthooks] Add to hook 'begindocument/before' (top-level) on input line 4
[lthooks]    <- \typeout {STAGE-ENDPRE: \meaning \parallel | EH=\the \extrarowheight }
[lthooks] Add to hook 'begindocument' (top-level) on input line 5
[lthooks]    <- \typeout {STAGE-BEGINDOC-LATE: \meaning \parallel }
[lthooks] Add to hook 'begindocument/end' (top-level) on input line 6
[lthooks]    <- \typeout {STAGE-BEGINDOCEND: \meaning \parallel }

[lthooks] Update code for hook 'para/before' on input line 7:


[lthooks] Update code for hook 'para/after' on input line 7:


[lthooks] Update code for hook 'para/begin' on input line 7:

Code labels for sorting:
 xeCJK

Data structure for label rules:
 xeCJK = 0 -> 

[lthooks] Handled code for xeCJK

[lthooks] Update code for hook 'para/end' on input line 7:

Code labels for sorting:
 xeCJK

Data structure for label rules:
 xeCJK = 0 -> 

[lthooks] Handled code for xeCJK

[lthooks] Update code for hook 'target/setname/after' on input line 7:


[lthooks] Update code for hook 'begindocument' on input line 7:

Code labels for sorting:
 calc-noop, xeCJK, fontspec-xetex, geometry, amsmath, unicode-math-xetex, graphics, xcolor, colortbl, calc, fancyhdr, pgfrcs, pgfsys and pgfcore

Data structure for label rules:
 calc-noop = 0 -> 
 xeCJK = 0 -> 
 fontspec-xetex = 0 -> 
 geometry = 0 -> 
 amsmath = 0 -> 
 unicode-math-xetex = 0 -> 
 graphics = 0 -> 
 xcolor = 0 -> 
 colortbl = 0 -> 
 calc = 0 -> 
 fancyhdr = 0 -> 
 pgfrcs = 0 -> 
 pgfsys = 0 -> 
 pgfcore = 0 -> 

[lthooks] Handled code for calc-noop
[lthooks] Handled code for xeCJK
[lthooks] Handled code for fontspec-xetex
[lthooks] Handled code for geometry
[lthooks] Handled code for amsmath
[lthooks] Handled code for unicode-math-xetex
[lthooks] Handled code for graphics
[lthooks] Handled code for xcolor
[lthooks] Handled code for colortbl
[lthooks] Handled code for calc
[lthooks] Handled code for fancyhdr
[lthooks] Handled code for pgfrcs
[lthooks] Handled code for pgfsys
[lthooks] Handled code for pgfcore

[lthooks] Update code for hook 'begindocument/before' on input line 7:

Code labels for sorting:
 xeCJK

Data structure for label rules:
 xeCJK = 0 -> 

[lthooks] Handled code for xeCJK

[lthooks] Update code for hook 'begindocument/end' on input line 7:

Code labels for sorting:
 ctexart, xeCJK and amsmath

Data structure for label rules:
 ctexart = 0 -> 
 xeCJK = 0 -> 
 amsmath = 0 -> 

[lthooks] Handled code for ctexart
[lthooks] Handled code for xeCJK
[lthooks] Handled code for amsmath

[lthooks] Update code for hook 'include/before' on input line 7:


[lthooks] Update code for hook 'include/end' on input line 7:


[lthooks] Update code for hook 'include/after' on input line 7:


[lthooks] Update code for hook 'include/excluded' on input line 7:


[lthooks] Update code for hook 'selectfont' on input line 7:

Code labels for sorting:
 ctexart

Data structure for label rules:
 ctexart = 0 -> 

[lthooks] Handled code for ctexart

[lthooks] Update code for hook 'rmfamily' on input line 7:

Code labels for sorting:
 fontspec-xetex and xeCJK

Data structure for label rules:
 fontspec-xetex = 0 -> 
 xeCJK = 0 -> 

[lthooks] Handled code for fontspec-xetex
[lthooks] Handled code for xeCJK

[lthooks] Update code for hook 'sffamily' on input line 7:

Code labels for sorting:
 fontspec-xetex and xeCJK

Data structure for label rules:
 fontspec-xetex = 0 -> 
 xeCJK = 0 -> 

[lthooks] Handled code for fontspec-xetex
[lthooks] Handled code for xeCJK

[lthooks] Update code for hook 'ttfamily' on input line 7:

Code labels for sorting:
 fontspec-xetex and xeCJK

Data structure for label rules:
 fontspec-xetex = 0 -> 
 xeCJK = 0 -> 

[lthooks] Handled code for fontspec-xetex
[lthooks] Handled code for xeCJK

[lthooks] Update code for hook 'normalfont' on input line 7:

Code labels for sorting:
 xeCJK

Data structure for label rules:
 xeCJK = 0 -> 

[lthooks] Handled code for xeCJK

[lthooks] Update code for hook 'expand@font@defaults' on input line 7:


[lthooks] Update code for hook 'bfseries' on input line 7:


[lthooks] Update code for hook 'bfseries/defaults' on input line 7:


[lthooks] Update code for hook 'mdseries' on input line 7:


[lthooks] Update code for hook 'mdseries/defaults' on input line 7:


[lthooks] Update code for hook 'label' on input line 7:


[lthooks] Update code for hook 'enddocument' on input line 7:

Code labels for sorting:
 multicol and pgfcore

Data structure for label rules:
 multicol = 0 -> 
 pgfcore = 0 -> 

[lthooks] Handled code for multicol
[lthooks] Handled code for pgfcore

[lthooks] Update code for hook 'enddocument/afterlastpage' on input line 7:


[lthooks] Update code for hook 'enddocument/afteraux' on input line 7:


[lthooks] Update code for hook 'enddocument/info' on input line 7:

  normal rule kernel/warnings|kernel/filelist: > found
  normal rule kernel/release|kernel/filelist: < found
Code labels for sorting:
 kernel/filelist, kernel/warnings and kernel/release

Data structure for label rules:
 kernel/filelist = 1 -> kernel/warnings
 kernel/warnings = 1 -> 
 kernel/release = 0 -> kernel/filelist

[lthooks] Handled code for kernel/release
[lthooks] Handled code for kernel/filelist
[lthooks] Handled code for kernel/warnings

[lthooks] Update code for hook 'enddocument/end' on input line 7:


[lthooks] Update code for hook 'tbl/init' on input line 7:


[lthooks] Update code for hook 'tbl/row/init' on input line 7:

Code labels for sorting:
 colortbl

Data structure for label rules:
 colortbl = 0 -> 

[lthooks] Handled code for colortbl

[lthooks] Update code for hook 'tbl/row/begin' on input line 7:


[lthooks] Update code for hook 'tbl/row/end' on input line 7:

Code labels for sorting:
 colortbl

Data structure for label rules:
 colortbl = 0 -> 

[lthooks] Handled code for colortbl

[lthooks] Update code for hook 'tbl/cell/init' on input line 7:


[lthooks] Update code for hook 'tbl/cell/begin' on input line 7:


[lthooks] Update code for hook 'tbl/cell/end' on input line 7:


[lthooks] Update code for hook 'insertmark' on input line 7:


[lthooks] Update code for hook 'package/before' on input line 7:


[lthooks] Update code for hook 'class/before' on input line 7:


[lthooks] Update code for hook 'package/after' on input line 7:


[lthooks] Update code for hook 'class/after' on input line 7:


[lthooks] Update code for hook 'file/before' on input line 7:


[lthooks] Update code for hook 'file/after' on input line 7:


[lthooks] Update code for hook 'shipout/before' on input line 7:


[lthooks] Update code for hook 'shipout' on input line 7:


[lthooks] Update code for hook 'shipout/after' on input line 7:


[lthooks] Update code for hook 'shipout/foreground' on input line 7:


[lthooks] Update code for hook 'shipout/background' on input line 7:

Code labels for sorting:
 pgfrcs

Data structure for label rules:
 pgfrcs = 0 -> 

[lthooks] Handled code for pgfrcs

[lthooks] Update code for hook 'shipout/firstpage' on input line 7:


[lthooks] Update code for hook 'shipout/lastpage' on input line 7:


[lthooks] Update code for hook 'build/page/before' on input line 7:


[lthooks] Update code for hook 'build/page/after' on input line 7:


[lthooks] Update code for hook 'build/page/reset' on input line 7:

Code labels for sorting:
 amsmath

Data structure for label rules:
 amsmath = 0 -> 

[lthooks] Handled code for amsmath

[lthooks] Update code for hook 'build/column/before' on input line 7:


[lthooks] Update code for hook 'build/column/after' on input line 7:


[lthooks] Update code for hook 'package/latex-lab-testphase-sec/after' on input line 7:


[lthooks] Update code for hook 'file/dinbrief.cls/after' on input line 7:

Code labels for sorting:
 firstaid

Data structure for label rules:
 firstaid = 0 -> 

[lthooks] Handled code for firstaid

[lthooks] Update code for hook 'package/unicode-math/after' on input line 7:


[lthooks] Update code for hook 'file/pgfpages.sty/after' on input line 7:

Code labels for sorting:
 firstaid

Data structure for label rules:
 firstaid = 0 -> 

[lthooks] Handled code for firstaid

[lthooks] Update code for hook 'file/pgfmorepages.sty/after' on input line 7:

Code labels for sorting:
 firstaid

Data structure for label rules:
 firstaid = 0 -> 

[lthooks] Handled code for firstaid

[lthooks] Update code for hook 'file/babel.sty/before' on input line 7:

Code labels for sorting:
 firstaid

Data structure for label rules:
 firstaid = 0 -> 

[lthooks] Handled code for firstaid

[lthooks] Update code for hook 'file/songs.sty/after' on input line 7:

Code labels for sorting:
 firstaid

Data structure for label rules:
 firstaid = 0 -> 

[lthooks] Handled code for firstaid

[lthooks] Update code for hook 'file/crop.sty/after' on input line 7:

Code labels for sorting:
 firstaid

Data structure for label rules:
 firstaid = 0 -> 

[lthooks] Handled code for firstaid

[lthooks] Update code for hook 'file/bigfoot.sty/after' on input line 7:


[lthooks] Update code for hook 'file/marginfix.sty/after' on input line 7:

Code labels for sorting:
 firstaid

Data structure for label rules:
 firstaid = 0 -> 

[lthooks] Handled code for firstaid

[lthooks] Update code for hook 'file/ulem.sty/after' on input line 7:

Code labels for sorting:
 firstaid

Data structure for label rules:
 firstaid = 0 -> 

[lthooks] Handled code for firstaid

[lthooks] Update code for hook 'file/varwidth.sty/after' on input line 7:

Code labels for sorting:
 firstaid

Data structure for label rules:
 firstaid = 0 -> 

[lthooks] Handled code for firstaid

[lthooks] Update code for hook 'file/german.sty/after' on input line 7:

Code labels for sorting:
 firstaid

Data structure for label rules:
 firstaid = 0 -> 

[lthooks] Handled code for firstaid

[lthooks] Update code for hook 'file/ngerman.sty/after' on input line 7:

Code labels for sorting:
 firstaid

Data structure for label rules:
 firstaid = 0 -> 

[lthooks] Handled code for firstaid

[lthooks] Update code for hook 'file/underscore.sty/after' on input line 7:

Code labels for sorting:
 firstaid

Data structure for label rules:
 firstaid = 0 -> 

[lthooks] Handled code for firstaid

[lthooks] Update code for hook 'package/acro/after' on input line 7:

Code labels for sorting:
 firstaid

Data structure for label rules:
 firstaid = 0 -> 

[lthooks] Handled code for firstaid

[lthooks] Update code for hook 'package/chemformula/before' on input line 7:

Code labels for sorting:
 firstaid

Data structure for label rules:
 firstaid = 0 -> 

[lthooks] Handled code for firstaid

[lthooks] Update code for hook 'package/chemnum/after' on input line 7:

Code labels for sorting:
 firstaid

Data structure for label rules:
 firstaid = 0 -> 

[lthooks] Handled code for firstaid

[lthooks] Update code for hook 'package/cleveref/after' on input line 7:

Code labels for sorting:
 firstaid and ctexart

Data structure for label rules:
 firstaid = 0 -> 
 ctexart = 0 -> 

[lthooks] Handled code for firstaid
[lthooks] Handled code for ctexart

[lthooks] Update code for hook 'package/arydshln/after' on input line 7:

Code labels for sorting:
 firstaid

Data structure for label rules:
 firstaid = 0 -> 

[lthooks] Handled code for firstaid

[lthooks] Update code for hook 'package/zref-perpage/after' on input line 7:


[lthooks] Update code for hook 'class/smfart/after' on input line 7:

Code labels for sorting:
 firstaid

Data structure for label rules:
 firstaid = 0 -> 

[lthooks] Handled code for firstaid

[lthooks] Update code for hook 'class/smfbook/after' on input line 7:

Code labels for sorting:
 firstaid

Data structure for label rules:
 firstaid = 0 -> 

[lthooks] Handled code for firstaid

[lthooks] Update code for hook 'class/amsart/after' on input line 7:

Code labels for sorting:
 firstaid/aliascounter

Data structure for label rules:
 firstaid/aliascounter = 0 -> 

[lthooks] Handled code for firstaid/aliascounter

[lthooks] Update code for hook 'class/amsproc/after' on input line 7:

Code labels for sorting:
 firstaid/aliascounter

Data structure for label rules:
 firstaid/aliascounter = 0 -> 

[lthooks] Handled code for firstaid/aliascounter

[lthooks] Update code for hook 'package/amsthm/after' on input line 7:

Code labels for sorting:
 firstaid/aliascounter

Data structure for label rules:
 firstaid/aliascounter = 0 -> 

[lthooks] Handled code for firstaid/aliascounter

[lthooks] Update code for hook 'class/amsbook/after' on input line 7:

Code labels for sorting:
 firstaid/aliascounter

Data structure for label rules:
 firstaid/aliascounter = 0 -> 

[lthooks] Handled code for firstaid/aliascounter

[lthooks] Update code for hook 'package/cellspace/after' on input line 7:

Code labels for sorting:
 firstaid

Data structure for label rules:
 firstaid = 0 -> 

[lthooks] Handled code for firstaid

[lthooks] Update code for hook 'cmd/mbox/before' on input line 7:

Code labels for sorting:
 xeCJK/boundary

Data structure for label rules:
 xeCJK/boundary = 0 -> 

[lthooks] Handled code for xeCJK/boundary

[lthooks] Update code for hook 'cmd/mbox/after' on input line 7:

Code labels for sorting:
 xeCJK/boundary

Data structure for label rules:
 xeCJK/boundary = 0 -> 

[lthooks] Handled code for xeCJK/boundary

[lthooks] Update code for hook 'cmd/fbox/before' on input line 7:

Code labels for sorting:
 xeCJK/boundary

Data structure for label rules:
 xeCJK/boundary = 0 -> 

[lthooks] Handled code for xeCJK/boundary

[lthooks] Update code for hook 'cmd/fbox/after' on input line 7:

Code labels for sorting:
 xeCJK/boundary

Data structure for label rules:
 xeCJK/boundary = 0 -> 

[lthooks] Handled code for xeCJK/boundary

[lthooks] Update code for hook 'cmd/null/after' on input line 7:

Code labels for sorting:
 xeCJK/boundary

Data structure for label rules:
 xeCJK/boundary = 0 -> 

[lthooks] Handled code for xeCJK/boundary

[lthooks] Update code for hook 'package/pifont/after' on input line 7:

Code labels for sorting:
 xeCJK

Data structure for label rules:
 xeCJK = 0 -> 

[lthooks] Handled code for xeCJK

[lthooks] Update code for hook 'package/mtpro2/after' on input line 7:

Code labels for sorting:
 xeCJK

Data structure for label rules:
 xeCJK = 0 -> 

[lthooks] Handled code for xeCJK

[lthooks] Update code for hook 'package/microtype/after' on input line 7:

Code labels for sorting:
 xeCJK

Data structure for label rules:
 xeCJK = 0 -> 

[lthooks] Handled code for xeCJK

[lthooks] Update code for hook 'package/hyperref/after' on input line 7:

Code labels for sorting:
 xeCJK and ctexart

Data structure for label rules:
 xeCJK = 0 -> 
 ctexart = 0 -> 

[lthooks] Handled code for xeCJK
[lthooks] Handled code for ctexart

[lthooks] Update code for hook 'package/color/after' on input line 7:

Code labels for sorting:
 xeCJK

Data structure for label rules:
 xeCJK = 0 -> 

[lthooks] Handled code for xeCJK

[lthooks] Update code for hook 'package/xcolor/after' on input line 7:


[lthooks] Update code for hook 'package/hypdoc/after' on input line 7:

Code labels for sorting:
 xeCJK

Data structure for label rules:
 xeCJK = 0 -> 

[lthooks] Handled code for xeCJK

[lthooks] Update code for hook 'package/siunitx/after' on input line 7:

Code labels for sorting:
 xeCJK

Data structure for label rules:
 xeCJK = 0 -> 

[lthooks] Handled code for xeCJK

[lthooks] Update code for hook 'package/url/after' on input line 7:

Code labels for sorting:
 xeCJK

Data structure for label rules:
 xeCJK = 0 -> 

[lthooks] Handled code for xeCJK

[lthooks] Update code for hook 'package/cprotect/after' on input line 7:

Code labels for sorting:
 xeCJK

Data structure for label rules:
 xeCJK = 0 -> 

[lthooks] Handled code for xeCJK

[lthooks] Update code for hook 'package/listings/after' on input line 7:

Code labels for sorting:
 xeCJK

Data structure for label rules:
 xeCJK = 0 -> 

[lthooks] Handled code for xeCJK

[lthooks] Update code for hook 'package/everysel/after' on input line 7:

Code labels for sorting:
 xeCJK

Data structure for label rules:
 xeCJK = 0 -> 

[lthooks] Handled code for xeCJK

[lthooks] Update code for hook 'package/CJKnumb/before' on input line 7:

Code labels for sorting:
 xeCJK

Data structure for label rules:
 xeCJK = 0 -> 

[lthooks] Handled code for xeCJK

[lthooks] Update code for hook 'package/CJKnumb/after' on input line 7:

Code labels for sorting:
 xeCJK

Data structure for label rules:
 xeCJK = 0 -> 

[lthooks] Handled code for xeCJK

[lthooks] Update code for hook 'package/xeCJKfntef/after' on input line 7:

Code labels for sorting:
 ctexart

Data structure for label rules:
 ctexart = 0 -> 

[lthooks] Handled code for ctexart

[lthooks] Update code for hook 'package/CJKutf8/after' on input line 7:

Code labels for sorting:
 zhnumber

Data structure for label rules:
 zhnumber = 0 -> 

[lthooks] Handled code for zhnumber

[lthooks] Update code for hook 'package/xCJK2uni/after' on input line 7:

Code labels for sorting:
 zhnumber

Data structure for label rules:
 zhnumber = 0 -> 

[lthooks] Handled code for zhnumber

[lthooks] Update code for hook 'package/enumitem/after' on input line 7:

Code labels for sorting:
 ctexart

Data structure for label rules:
 ctexart = 0 -> 

[lthooks] Handled code for ctexart

[lthooks] Update code for hook 'package/nameref/after' on input line 7:

Code labels for sorting:
 ctexart

Data structure for label rules:
 ctexart = 0 -> 

[lthooks] Handled code for ctexart

[lthooks] Update code for hook 'package/titlesec/after' on input line 7:

Code labels for sorting:
 ctexart

Data structure for label rules:
 ctexart = 0 -> 

[lthooks] Handled code for ctexart

[lthooks] Update code for hook 'package/titleps/after' on input line 7:

Code labels for sorting:
 ctexart

Data structure for label rules:
 ctexart = 0 -> 

[lthooks] Handled code for ctexart

[lthooks] Update code for hook 'package/tocloft/after' on input line 7:

Code labels for sorting:
 ctexart

Data structure for label rules:
 ctexart = 0 -> 

[lthooks] Handled code for ctexart

[lthooks] Update code for hook 'package/titletoc/after' on input line 7:

Code labels for sorting:
 ctexart

Data structure for label rules:
 ctexart = 0 -> 

[lthooks] Handled code for ctexart

[lthooks] Update code for hook 'package/fancyhdr/after' on input line 7:


[lthooks] Update code for hook 'cmd/mod@math@codes/after' on input line 7:

Code labels for sorting:
 unicode-math

Data structure for label rules:
 unicode-math = 0 -> 

[lthooks] Handled code for unicode-math

[lthooks] Update code for hook 'cmd/set@color/before' on input line 7:

Code labels for sorting:
 xeCJK/boundary

Data structure for label rules:
 xeCJK/boundary = 0 -> 

[lthooks] Handled code for xeCJK/boundary

[lthooks] Update code for hook 'cmd/set@color/after' on input line 7:

Code labels for sorting:
 xeCJK/boundary

Data structure for label rules:
 xeCJK/boundary = 0 -> 

[lthooks] Handled code for xeCJK/boundary

[lthooks] Update code for hook 'cmd/reset@color/before' on input line 7:

Code labels for sorting:
 xeCJK/boundary

Data structure for label rules:
 xeCJK/boundary = 0 -> 

[lthooks] Handled code for xeCJK/boundary

[lthooks] Update code for hook 'cmd/reset@color/after' on input line 7:

Code labels for sorting:
 xeCJK/boundary

Data structure for label rules:
 xeCJK/boundary = 0 -> 

[lthooks] Handled code for xeCJK/boundary

[lthooks] Update code for hook 'cmd/color@b@x/before' on input line 7:

Code labels for sorting:
 xeCJK/boundary

Data structure for label rules:
 xeCJK/boundary = 0 -> 

[lthooks] Handled code for xeCJK/boundary

[lthooks] Update code for hook 'cmd/color@b@x/after' on input line 7:

Code labels for sorting:
 xeCJK/boundary

Data structure for label rules:
 xeCJK/boundary = 0 -> 

[lthooks] Handled code for xeCJK/boundary

[lthooks] Update code for hook 'fancyhdr/before' on input line 7:


[lthooks] Update code for hook 'fancyhdr/after' on input line 7:


[lthooks] Update code for hook 'fancyhdr/head/begin' on input line 7:


[lthooks] Update code for hook 'fancyhdr/head/end' on input line 7:


[lthooks] Update code for hook 'fancyhdr/foot/begin' on input line 7:


[lthooks] Update code for hook 'fancyhdr/foot/end' on input line 7:


[lthooks] All initialized (non-empty) hooks:

 para/begin -> \bool_gset_false:N \g__xeCJK_par_guard_bool \__hook_toplevel para/begin \__hook_next para/begin  

 para/end -> \__hook_toplevel para/end \bool_if:NT \g__xeCJK_par_guard_bool {\tex_kern:D \g__xeCJK_par_guard_dim \bool_gset_false:N \g__xeCJK_par_guard_bool }\__hook_next para/end  

 begindocument -> \xeCJK@document@hook \tl_set_eq:NN \cyrillicencoding \g_fontspec_encoding_tl \tl_set_eq:NN \latinencoding \g_fontspec_encoding_tl \RenewDocumentCommand \oldstylenums {m}{\__fontspec_main_oldstylenums:n {##1}}\fontspec_maybe_setup_maths: \Gm@savelength {paperwidth}\Gm@savelength {paperheight}\edef \Gm@restore@org {\Gm@restore }\ifGm@resetpaper \edef \Gm@pw {\Gm@orgpw }\edef \Gm@ph {\Gm@orgph }\else \edef \Gm@pw {\the \paperwidth }\edef \Gm@ph {\the \paperheight }\fi \ifGm@pass \else \ifnum \mag =\@m \else \Gm@magtooffset \divide \paperwidth \@m \multiply \paperwidth \the \mag \divide \paperheight \@m \multiply \paperheight \the \mag \fi \fi \Gm@detectdriver \ifx \Gm@driver \Gm@xetex \@ifundefined {pdfpagewidth}{}{\setlength \pdfpagewidth {\Gm@pw }\setlength \pdfpageheight {\Gm@ph }}\ifnum \mag =\@m \else \ifx \Gm@truedimen \Gm@true \setlength \paperwidth {\Gm@pw }\setlength \paperheight {\Gm@ph }\fi \fi \fi \ifx \Gm@driver \Gm@pdftex \@ifundefined {pdfpagewidth}{}{\setlength \pdfpagewidth {\Gm@pw }\setlength \pdfpageheight {\Gm@ph }}\ifnum \mag =\@m \else \@tempdima =\mag sp\@ifundefined {pdfhorigin}{}{\divide \pdfhorigin \@tempdima \multiply \pdfhorigin \@m \divide \pdfvorigin \@tempdima \multiply \pdfvorigin \@m }\ifx \Gm@truedimen \Gm@true \setlength \paperwidth {\Gm@pw }\setlength \paperheight {\Gm@ph }\fi \fi \fi \ifx \Gm@driver \Gm@luatex \setlength \pagewidth {\Gm@pw }\setlength \pageheight {\Gm@ph }\ifnum \mag =\@m \else \@tempdima =\mag sp \edef \Gm@horigin {\pdfvariable horigin}\edef \Gm@vorigin {\pdfvariable vorigin}\divide \Gm@horigin \@tempdima \multiply \Gm@horigin \@m \divide \Gm@vorigin \@tempdima \multiply \Gm@vorigin \@m \ifx \Gm@truedimen \Gm@true \setlength \paperwidth {\Gm@pw }\setlength \paperheight {\Gm@ph }\fi \fi \fi \ifx \Gm@driver \Gm@vtex \@ifundefined {mediawidth}{}{\mediawidth =\paperwidth \mediaheight =\paperheight }\ifvtexdvi \AtBeginDvi {\special {papersize=\the \paperwidth ,\the \paperheight }}\fi \fi \ifx \Gm@driver \Gm@dvips \AtBeginDvi {\special {papersize=\the \paperwidth ,\the \paperheight }}\ifx \Gm@driver \Gm@dvips \ifGm@landscape \AtBeginDvi {\special {! /landplus90 true store}}\fi \fi \else \ifx \Gm@driver \Gm@dvipdfm \ifcase \ifx \AtBeginShipoutFirst \relax \@ne \else \ifx \AtBeginShipoutFirst \@undefined \@ne \else \z@ \fi \fi \AtBeginShipoutFirst {\special {papersize=\the \paperwidth ,\the \paperheight }}\or \AtBeginDvi {\special {papersize=\the \paperwidth ,\the \paperheight }}\fi \fi \fi \@tempswafalse \ifGm@showframe \@tempswatrue \else \ifGm@showcrop \@tempswatrue \fi \fi \if@tempswa \RequirePackage {atbegshi}\AtBeginShipout {\setbox \AtBeginShipoutBox =\vbox {\baselineskip \z@skip \lineskip \z@skip \lineskiplimit \z@ \Gm@pageframes \box \AtBeginShipoutBox }}\fi \Gm@save \edef \Gm@restore@pkg {\Gm@restore }\ifGm@verbose \ifGm@pass \else \Gm@checkmp \fi \fi \Gm@showparams {preamble}\let \Gm@pw \relax \let \Gm@ph \relax \reset@strutbox@ \MakeRobust \dddot \MakeRobust \ddddot \Umathcharnumdef \std@minus \Umathcodenum `\-\relax \Umathcharnumdef \std@equal \Umathcodenum `\=\relax \expandafter \let \csname overleftarrow \endcsname \@undefined \expandafter \let \csname overrightarrow \endcsname \@undefined \MakeRobust \overrightarrow \MakeRobust \overleftarrow \MakeRobust \overleftrightarrow \MakeRobust \underrightarrow \MakeRobust \underleftarrow \MakeRobust \underleftrightarrow \__um_define_math_chars: \tl_if_eq:onT {\g__fontspec_mathrm_tl }{\rmdefault }{\__fontspec_setmathrm_hook:nn {}{}}\tl_if_eq:onT {\g__fontspec_mathsf_tl }{\sfdefault }{\__fontspec_setmathsf_hook:nn {}{}}\tl_if_eq:onT {\g__fontspec_mathtt_tl }{\ttdefault }{\__fontspec_setmathtt_hook:nn {}{}}\bool_if:NF \g__um_main_font_defined_bool \__um_load_lm: \__um_setup_mathtext: \__um_define_prime_commands: \__um_define_prime_chars: \cs_new_protected:Npn \__um_patch_url: {\tl_put_left:Nn \Url@FormatString {\__um_switch_to:n {literal}}\tl_put_right:Nn \UrlSpecials {\do \`{\mathchar `\`}\do \'{\mathchar `\'}\do \${\mathchar `\$}\do \&{\mathchar `\&}}}\@ifpackageloaded {url}{\__um_patch_url: }{}\cs_new_protected:Npn \__um_patch_mathtools_A: {\cs_set_nopar:Npn \MT_cramped_internal:Nn ####1####2{\hbox_set:Nn \l_tmpa_box {\color@setgroup \c_math_toggle_token \m@th ####1\dim_zero:N \nulldelimiterspace \XeTeXradical 255 0 {####2}\c_math_toggle_token \color@endgroup }\box_set_ht:Nn \l_tmpa_box {\box_ht:N \l_tmpa_box -\__um_radical_vgap:N ####1}\box_use_drop:N \l_tmpa_box }}\@ifpackageloaded {mathtools}{\__um_patch_mathtools_A: }{}\cs_new_protected:Npn \__um_patch_mathtools_B: {\cs_set_eq:NN \MToverbracket \overbracket \cs_set_eq:NN \MTunderbracket \underbracket \AtBeginDocument {\msg_warning:nn {unicode-math}{mathtools-overbracket}\cs_set:Npn \downbracketfill ####1####2{\tl_set:Nn \l_MT_bracketheight_fdim {.27ex}\downbracketend {####1}{####2}\leaders \vrule \@height ####1\@depth \z@ \hfill \downbracketend {####1}{####2}}\cs_set:Npn \upbracketfill ####1####2{\tl_set:Nn \l_MT_bracketheight_fdim {.27ex}\upbracketend {####1}{####2}\leaders \vrule \@height \z@ \@depth ####1\hfill \upbracketend {####1}{####2}}\cs_set_eq:NN \Uoverbracket \overbracket \cs_set_eq:NN \Uunderbracket \underbracket \cs_set_eq:NN \overbracket \MToverbracket \cs_set_eq:NN \underbracket \MTunderbracket }}\@ifpackageloaded {mathtools}{\__um_patch_mathtools_B: }{}\cs_new_protected:Npn \__um_patch_mathtools_C: {\msg_warning:nn {unicode-math}{mathtools-colon}\DeclareDocumentCommand \dblcolon {}{\Colon }\DeclareDocumentCommand \coloneqq {}{\coloneq }\DeclareDocumentCommand \Coloneqq {}{\Coloneq }\DeclareDocumentCommand \eqqcolon {}{\eqcolon }}\@ifpackageloaded {mathtools}{\__um_patch_mathtools_C: }{}\Umathcharnumdef \std@minus \Umathcodenum `-\Umathcharnumdef \std@equal \Umathcodenum `=\debug_suspend: \__um_resolve_greek: \debug_resume: \__um_setup_active_frac: \ifnum \mag =\@m \ifdim \stockwidth >0pt\relax \ifdim \stockheight >0pt\relax \setlength {\pdfpagewidth }{\stockwidth }\setlength {\pdfpageheight }{\stockheight }\else \ifdim \paperwidth >0pt\relax \ifdim \paperheight >0pt\relax \setlength {\pdfpagewidth }{\paperwidth }\setlength {\pdfpageheight }{\paperheight }\fi \fi \fi \else \ifdim \stockwidth =0pt\relax \ifdim \paperwidth >0pt\relax \ifdim \paperheight >0pt\relax \setlength {\pdfpagewidth }{\paperwidth }\setlength {\pdfpageheight }{\paperheight }\fi \fi \fi \fi \fi \let \XC@default@color \XC@current@color \let \default@color \current@color \let \XC@@stack \@empty \expandafter \def \expandafter \@tabarray \expandafter {\expandafter \CT@start \@tabarray }\def \@tempa {$\hfil \egroup \box \z@ \box \tw@ }\ifx \@tempa \DC@endright \def \DC@endright {$\hfil \egroup \ifx \DC@rl \bgroup \hskip \stretch {-.5}\box \z@ \box \tw@ \hskip \stretch {-.5}\else \box \z@ \box \tw@ \fi }\else \def \@tempa {$\hfil \egroup \hfill \box \z@ \box \tw@ }\ifx \@tempa \DC@endright \def \DC@endright {$\hfil \egroup \hskip \stretch {.5}\box \z@ \box \tw@ \hskip \stretch {-.5}}\fi \fi \ifx \hhline \@undefined \else \def \HH@box ##1##2{\vbox {{\ifx \CT@drsc@ \relax \else \global \dimen \thr@@ \tw@ \arrayrulewidth \global \advance \dimen \thr@@ \doublerulesep {\CT@drsc@ \hrule \@height \dimen \thr@@ \vskip -\dimen \thr@@ }\fi \CT@arc@ \hrule \@height \arrayrulewidth \@width ##1 \vskip \doublerulesep \hrule \@height \arrayrulewidth \@width ##2}}} \def \HH@loop {\ifx \@tempb `\def \next ####1{\the \toks@ \CT@tbl@gdecr@row@count \cr }\else \let \next \HH@let \ifx \@tempb |\if@tempswa \ifx \CT@drsc@ \relax \HH@add {\hskip \doublerulesep }\else \HH@add {{\CT@drsc@ \vrule \@width \doublerulesep }}\fi \fi \@tempswatrue \HH@add {{\CT@arc@ \vline }}\else \ifx \@tempb :\if@tempswa \ifx \CT@drsc@ \relax \HH@add {\hskip \doublerulesep }\else \HH@add {{\CT@drsc@ \vrule \@width \doublerulesep }}\fi \fi \@tempswatrue \HH@add {\@tempc \HH@box \arrayrulewidth \arrayrulewidth \@tempc }\else \ifx \@tempb ####\if@tempswa \HH@add {\hskip \doublerulesep }\fi \@tempswatrue \HH@add {{\CT@arc@ \vline \copy \@ne \@tempc \vline }}\else \ifx \@tempb ~\@tempswafalse \if@firstamp \@firstampfalse \else \HH@add {&\omit }\fi \ifx \CT@drsc@ \relax \HH@add {\hfil }\else \HH@add {{\CT@drsc@ \leaders \hrule \@height \HH@height \hfil }}\fi \else \ifx \@tempb -\@tempswafalse \gdef \HH@height {\arrayrulewidth }\if@firstamp \@firstampfalse \else \HH@add {&\omit }\fi \HH@add {{\CT@arc@ \leaders \hrule \@height \arrayrulewidth \hfil }}\else \ifx \@tempb =\@tempswafalse \gdef \HH@height {\dimen \thr@@ }\if@firstamp \@firstampfalse \else \HH@add {&\omit }\fi \HH@add {\rlap {\copy \@ne }\leaders \copy \@ne \hfil \llap {\copy \@ne }}\else \ifx \@tempb t\HH@add {\def \HH@height {\dimen \thr@@ }\HH@box \doublerulesep \z@ }\@tempswafalse \else \ifx \@tempb b\HH@add {\def \HH@height {\dimen \thr@@ }\HH@box \z@ \doublerulesep }\@tempswafalse \else \ifx \@tempb >\def \next ####1####2{\HH@add {{\baselineskip \p@ \relax ####2\global \setbox \@ne \HH@box \doublerulesep \doublerulesep }}\HH@let !}\else \ifx \@tempb \@sptoken \let \next \HH@spacelet \else \PackageWarning {hhline}{\meaning \@tempb \space ignored in \noexpand \hhline argument\MessageBreak }\fi \fi \fi \fi \fi \fi \fi \fi \fi \fi \fi \next } \lowercase {\def \HH@spacelet } {\futurelet \@tempb \HH@loop } \fi \def \LT@@hline {\ifx \LT@next \hline \global \let \LT@next \@gobble \ifx \CT@drsc@ \relax \gdef \CT@LT@sep {\noalign {\penalty -\@medpenalty \vskip \doublerulesep }}\else \gdef \CT@LT@sep {\multispan \LT@cols {\tag_mc_begin:n {artifact}\CT@drsc@ \leaders \hrule \@height \doublerulesep \hfill \tag_mc_end: \tbl_gdecr_row_count: }\cr }\fi \else \global \let \LT@next \empty \gdef \CT@LT@sep {\noalign {\penalty -\@lowpenalty \vskip -\arrayrulewidth }}\fi \ifnum 0=`{\fi }\multispan \LT@cols {\tag_mc_begin:n {artifact}\CT@arc@ \leaders \hrule \@height \arrayrulewidth \hfill \tag_mc_end: \tbl_gdecr_row_count: }\cr \CT@LT@sep \multispan \LT@cols {\tag_mc_begin:n {artifact}\CT@arc@ \leaders \hrule \@height \arrayrulewidth \hfill \tag_mc_end: \tbl_gdecr_
row_count: }\cr \noalign {\penalty \@M }\LT@next }\@ifpackageloaded {amstext}{\def \addtocounter ##1##2{\iffirstchoice@ \@ifundefined {c@##1}{\@nocounterr {##1}}{\calc@assign@count {\global \advance \csname c@##1\endcsname }{##2}}\fi }\def \stepcounter ##1{\iffirstchoice@ \@ifundefined {c@##1}{\@nocounterr {##1}}{\global \advance \csname c@##1\endcsname \@ne \begingroup \let \@elt \@stpelt \csname cl@##1\endcsname \endgroup }\fi }}{}\let \latex@makecol \@makecol \def \@makecol {\ifvoid \footins \f@nch@footnotefalse \else \f@nch@footnotetrue \fi \let \f@nch@topfloat \@toplist \let \f@nch@botfloat \@botlist \latex@makecol }\AtEndDocument {\if \relax \detokenize \expandafter {\the \pgfutil@everybye }\relax \else \expandafter \clearpage \expandafter \the \expandafter \pgfutil@everybye \fi } \pgfsys@atbegindocument \let \pgfsys@atbegindocument =\pgfutil@empty \ifpgf@external@grabshipout \global \let \pgfexternal@originalshipout =\shipout \global \def \shipout {\setbox \pgfpic =}\maxdeadcycles =10000{\output {\global \setbox \pgfexternal@startupbox =\vbox {\csname @begindvi\endcsname \unvbox 255}}\hbox {}\eject }\fi  \let \beginpgfgraphicnamed =\pgf@externalbegin \let \endpgfgraphicnamed =\unskip \__hook_toplevel begindocument \__hook_next begindocument  

 begindocument/before -> \xeCJK@document@left@hook \__hook_toplevel begindocument/before \__hook_next begindocument/before  

 begindocument/end -> \cs_set_eq:NN \ctex_if_preamble:TF \use_ii:nn \xeCJK@document@right@hook \let \ltx@label \label \__hook_toplevel begindocument/end \__hook_next begindocument/end  

 selectfont -> \CTEX@selectfont@hook \__hook_toplevel selectfont \__hook_next selectfont  

 rmfamily -> \fontencoding \l__fontspec_rmfamily_encoding_tl \xeCJK@family {\CJKrmdefault }\__hook_toplevel rmfamily \__hook_next rmfamily  

 sffamily -> \fontencoding \l__fontspec_sffamily_encoding_tl \xeCJK@family {\CJKsfdefault }\__hook_toplevel sffamily \__hook_next sffamily  

 ttfamily -> \fontencoding \l__fontspec_ttfamily_encoding_tl \xeCJK@family {\CJKttdefault }\__hook_toplevel ttfamily \__hook_next ttfamily  

 normalfont -> \xeCJK@family {\CJKfamilydefault }\__hook_toplevel normalfont \__hook_next normalfont  

 enddocument -> \def \mc@set@col@status ##1##2{\ifnum ##2=\mc@curr@col@status \else \@tempswatrue \fi }\ifpgf@external@grabshipout \pgfutil@ifundefined {pgfexternal@did@a@shipout}{\pgfexternal@error@no@shipout }{}\fi \__hook_toplevel enddocument \__hook_next enddocument  

 enddocument/info -> \let \show@release@info \wlog \show@release@info { ***********}\the \LaTeXReleaseInfo \show@release@info { ***********}\@dofilelist \@enddocument@kernel@warnings \__hook_toplevel enddocument/info \__hook_next enddocument/info  

 tbl/row/init -> \@rowc@lors \__hook_toplevel tbl/row/init {#1}\__hook_next tbl/row/init {#1} 

 tbl/row/end -> \__hook_toplevel tbl/row/end {#1}\global \let \CT@row@color \relax \__hook_next tbl/row/end {#1} 

 shipout/background -> \put (\hoffset -1in,\voffset -1in){\pgfutil@abe \unhbox \pgfutil@abb \pgfutil@abc \global \let \pgfutil@abc \pgfutil@empty }\__hook_toplevel shipout/background \__hook_next shipout/background  

 build/page/reset -> \let \ltx@label \@gobble@with@sphack@om \__hook_toplevel build/page/reset \__hook_next build/page/reset  

 file/dinbrief.cls/after -> \__hook_toplevel file/dinbrief.cls/after \FirstAidNeededT {dinbrief}{cls}{2000/03/02 LaTeX2e class}{\AddToHook {env/document/begin}{\begingroup }}\__hook_next file/dinbrief.cls/after  

 file/pgfpages.sty/after -> \__hook_toplevel file/pgfpages.sty/after \cs_gset_eq:NN \shipout \pgfpages@originalshipout \cs_set_eq:NN \pgfpages@originalshipout \tex_shipout:D \cs_set_eq:NN \tex_shipout:D \pgfpages@interceptshipout \__hook_next file/pgfpages.sty/after  

 file/pgfmorepages.sty/after -> \__hook_toplevel file/pgfmorepages.sty/after \cs_set_nopar:Npn \pgfhookintoshipout {\cs_set_eq:NN \pgfpages@originalshipout \tex_shipout:D \cs_set_eq:NN \tex_shipout:D \pgfpages@interceptshipout }\__hook_next file/pgfmorepages.sty/after  

 file/babel.sty/before -> \def \BabelCaseHack {}\__hook_toplevel file/babel.sty/before \__hook_next file/babel.sty/before  

 file/songs.sty/after -> \__hook_toplevel file/songs.sty/after \FirstAidNeededT {songs}{sty}{2018/09/12 v3.1 Songs package}{\renewcommand \SB@obeylines {\let \obeyedline \SB@par \obeylines \let \@par \SB@@par }}\__hook_next file/songs.sty/after  

 file/crop.sty/after -> \__hook_toplevel file/crop.sty/after \FirstAidNeededT {crop}{sty}{2017/11/19 1.10 crop marks (mf)}{\ifdim \stockwidth > 0pt \else \stockwidth \paperwidth \fi \ifdim \stockheight > 0pt \else \stockheight \paperheight \fi \renewcommand *\CROP@genreflect [1]{\leavevmode \dimen 0\CROP@horigin \kern 2\dimen 0 \begingroup \set@typeset@protect \reflectbox {\hb@xt@ \paperwidth {\vbox to\paperheight {##1\vss }\hss }}\endgroup } }\__hook_next file/crop.sty/after  

 file/marginfix.sty/after -> \__hook_toplevel file/marginfix.sty/after \FirstAidNeededT {marginfix}{sty}{2020/05/06 v1.2 Fix Margin Paragraphs}{\let \@outputbox@attachfloats \@combinefloats }\__hook_next file/marginfix.sty/after  

 file/ulem.sty/after -> \__hook_toplevel file/ulem.sty/after \def \@hspace ##1{\begingroup \setlength \skip@ {##1}\edef \x {\endgroup \hskip \the \skip@ \relax }\x }\__hook_next file/ulem.sty/after  

 file/varwidth.sty/after -> \__hook_toplevel file/varwidth.sty/after \FirstAidNeededT {varwidth}{sty}{2009/03/30 ver 0.92; \space Variable-width minipages}{\def \@vwid@sift {\skip@ \lastskip \unskip \ifdim \lastskip =\z@ \unskip \fi \dimen@ \lastkern \unkern \count@ \lastpenalty \unpenalty \setbox \z@ \lastbox \ifvoid \z@ \advance \sift@deathcycles \@ne \else \sift@deathcycles \z@ \fi \ifnum \sift@deathcycles >33 \let \@vwid@sift \relax \PackageWarning {varwidth}{Failed to reprocess entire contents}\fi \ifnum \count@ =\@vwid@preeqp \@vwid@eqmodefalse \fi \ifnum \count@ =\@vwid@posteqp \@vwid@eqmodetrue \fi \ifnum \count@ =\@vwid@toppen \let \@vwid@sift \relax \else \ifnum \count@ =\@vwid@offsets \@vwid@setoffsets \else \ifnum \count@ =\@vwid@postw \else \@vwid@resetb \fi \@vwid@append \fi \fi \@vwid@sift }}\__hook_next file/varwidth.sty/after  

 file/german.sty/after -> \__hook_toplevel file/german.sty/after \FirstAidNeededT {german}{sty}{1998/07/08 v2.5e Support for writing german texts (br)} {\let \grmn@active@dq@ \@active@dq \def \@active@dq {\protect \grmn@active@dq@ }\germanTeX }\__hook_next file/german.sty/after  

 file/ngerman.sty/after -> \__hook_toplevel file/ngerman.sty/after \FirstAidNeededT {ngerman}{sty}{1998/07/08 v2.5e Support for writing german texts (br)} {\let \grmn@active@dq@ \@active@dq \def \@active@dq {\protect \grmn@active@dq@ }\ngermanTeX }\__hook_next file/ngerman.sty/after  

 file/underscore.sty/after -> \__hook_toplevel file/underscore.sty/after \FirstAidNeededT {underscore}{sty}{2006/09/13}{\RequirePackage {underscore-ltx}}\__hook_next file/underscore.sty/after  

 package/acro/after -> \__hook_toplevel package/acro/after \FirstAidNeededT {acro}{sty}{2022/04/01 v3.8 typeset acronyms and other abbreviations (CN)} {\UseName {prop_new:c}{l__acro_tmpa_prop}\acsetup {patch/longtable=false}}\__hook_next package/acro/after  

 package/chemformula/before -> \RequirePackage {l3keys2e}\__hook_toplevel package/chemformula/before \__hook_next package/chemformula/before  

 package/chemnum/after -> \__hook_toplevel package/chemnum/after \FirstAidNeededT {chemnum}{sty}{2021/01/21 v1.3a a comprehensive approach for the numbering of chemical compounds (CN)} {\UseName {prop_new:c}{l__chemnum_tmpa_prop}}\__hook_next package/chemnum/after  

 package/cleveref/after -> \__hook_toplevel package/cleveref/after \ctex_cleveref_hook: \FirstAidNeededT {cleveref}{sty}{2018/03/27 v0.21.4 Intelligent cross-referencing} {\def \cref@getref ##1##2{\expandafter \let \expandafter ##2\csname r@##1@cref\endcsname \expandafter \expandafter \expandafter \def \expandafter \expandafter \expandafter ##2\expandafter \expandafter \expandafter {\expandafter \@firstoffive ##2}}\def \cpageref@getref ##1##2{\expandafter \let \expandafter ##2\csname r@##1@cref\endcsname \expandafter \expandafter \expandafter \def \expandafter \expandafter \expandafter ##2\expandafter \expandafter \expandafter {\expandafter \@secondoffive ##2}}\AddToHook {begindocument}[cleveref]{\def \label@noarg ##1{\cref@old@label {##1}\@bsphack \protected@edef \@tempa {{page}{\the \c@page }}\setcounter {page}{1}\protected@edef \@tempb {\thepage }\expandafter \setcounter \@tempa \cref@constructprefix {page}{\cref@result }\protected@write \@auxout {}{\string \newlabel {##1@cref}{{\cref@currentlabel }{[\@tempb ][\arabic {page}][\cref@result ]\thepage }{}{}{}}}\@esphack }\def \label@optarg [##1]##2{\cref@old@label {##2}\@bsphack \protected@edef \@tempa {{page}{\the \c@page }}\setcounter {page}{1}\protected@edef \@tempb {\thepage }\expandafter \setcounter \@tempa \cref@constructprefix {page}{\cref@result }\protected@edef \cref@currentlabel {\expandafter \cref@override@label@type \cref@currentlabel \@nil {##1}}\protected@write \@auxout {}{\string \newlabel {##2@cref}{{\cref@currentlabel }{[\@tempb ][\arabic {page}][\cref@result ]\thepage }{}{}{}}}\@esphack }} \newcommand \firstaid@cref@smugglelabel {\let \cref@currentlabel \cref@gcurrentlabel@temp } \newcommand \firstaid@cref@updatelabeldata [1]{\cref@constructprefix {##1}{\cref@result }\@ifundefined {cref@##1@alias}{\def \@tempa {##1}}{\def \@tempa {\csname cref@##1@alias\endcsname }}\protected@xdef \cref@gcurrentlabel@temp {[\@tempa ][\arabic {##1}][\cref@result ]\csname p@##1\expandafter \endcsname \csname the##1\endcsname }\aftergroup \firstaid@cref@smugglelabel } \newif \iftag@ \AddToHook {label}[firstaid/cleveref] {\ifx \@currentcounter \@empty \else \iftag@ \else \firstaid@cref@updatelabeldata {\@currentcounter }\fi \fi } \AddToHook {begindocument}[cleveref] { \IfPackageAtLeastT {amsmath}{2025-05-18} { \def \ltx@label ##1{\cref@label {##1}} \def \label@in@display@noarg ##1{\cref@old@label@in@display {##1}} \def \label@in@mmeasure@noarg ##1{\begingroup \measuring@false \cref@old@label@in@display {##1}\endgroup }} } }\__hook_next package/cleveref/after  

 package/arydshln/after -> \__hook_toplevel package/arydshln/after \FirstAidNeededT {arydshln}{sty}{2019/02/21 v1.76 } {\protected \def \adl@@vlineL ##1##2##3##4{\adl@ivline ##4\@nil {##1}{##2}\xdef \adl@colsL {\adl@colsL \@elt {##3}{\number \@tempcnta }{\number \@tempcntb }{\adl@dashcolor }{\adl@gapcolor }}}\protected \def \adl@@vlineR ##1##2##3##4{\adl@ivline ##4\@nil {##1}{##2}\xdef \adl@colsR {\@elt {##3}{\number \@tempcnta }{\number \@tempcntb }{\adl@dashcolor }{\adl@gapcolor }\adl@colsR }}\let \adl@act@@vlineL \adl@@vlineL \let \adl@act@@vlineR \adl@@vlineR \def \endtabular {\endarray \egroup } }\__hook_next package/arydshln/after  

 class/smfart/after -> \__hook_toplevel class/smfart/after \FirstAidNeededT {smfart}{cls}{2021/03/28 v1.6 Classe LaTeX pour les articles publies par la SMF} {\def \leftmark {\expandafter \@leftmark \botmark \@empty \@empty }\def \rightmark {\expandafter \@rightmark \firstmark \@empty \@empty }}\__hook_next class/smfart/after  

 class/smfbook/after -> \__hook_toplevel class/smfbook/after \FirstAidNeededT {smfbook}{cls}{2021/03/28 v1.6 Classe LaTeX pour les monographies editees par la SMF} {\def \leftmark {\expandafter \@leftmark \botmark \@empty \@empty }\def \rightmark {\expandafter \@rightmark \firstmark \@empty \@empty }}\__hook_next class/smfbook/after  

 class/amsart/after -> \__hook_toplevel class/amsart/after \@amsthm@reset@ynthm \AddToHook {package/cleveref/after}[firstaid/aliascounter]{\let \@ynthm \@amsthm@saved@ynthm }\__hook_next class/amsart/after  

 class/amsproc/after -> \__hook_toplevel class/amsproc/after \@amsthm@reset@ynthm \AddToHook {package/cleveref/after}[firstaid/aliascounter]{\let \@ynthm \@amsthm@saved@ynthm }\__hook_next class/amsproc/after  

 package/amsthm/after -> \__hook_toplevel package/amsthm/after \@amsthm@reset@ynthm \AddToHook {package/cleveref/after}[firstaid/aliascounter]{\let \@ynthm \@amsthm@saved@ynthm }\__hook_next package/amsthm/after  

 class/amsbook/after -> \__hook_toplevel class/amsbook/after \@amsthm@reset@ynthm \AddToHook {package/cleveref/after}{\let \@ynthm \@amsthm@saved@ynthm }\__hook_next class/amsbook/after  

 package/cellspace/after -> \__hook_toplevel package/cellspace/after \FirstAidNeededT {cellspace}{sty}{2022/01/04 v1.9.0 Spacing table cells (JN)}{\let \@startpbox@action \@startpbox }\__hook_next package/cellspace/after  

 cmd/mbox/before -> \__xeCJK_boundary_inline_last_box_begin: \__hook_toplevel cmd/mbox/before {#1}{#2}{#3}{#4}{#5}{#6}{#7}{#8}{#9}\__hook_next cmd/mbox/before {#1}{#2}{#3}{#4}{#5}{#6}{#7}{#8}{#9} 

 cmd/mbox/after -> \__hook_toplevel cmd/mbox/after {#1}{#2}{#3}{#4}{#5}{#6}{#7}{#8}{#9}\__xeCJK_boundary_inline_last_box_end:n {auto}\__hook_next cmd/mbox/after {#1}{#2}{#3}{#4}{#5}{#6}{#7}{#8}{#9} 

 cmd/fbox/before -> \__xeCJK_boundary_inline_last_box_begin: \__hook_toplevel cmd/fbox/before {#1}{#2}{#3}{#4}{#5}{#6}{#7}{#8}{#9}\__hook_next cmd/fbox/before {#1}{#2}{#3}{#4}{#5}{#6}{#7}{#8}{#9} 

 cmd/fbox/after -> \__hook_toplevel cmd/fbox/after {#1}{#2}{#3}{#4}{#5}{#6}{#7}{#8}{#9}\__xeCJK_boundary_inline_last_box_end:n {auto}\__hook_next cmd/fbox/after {#1}{#2}{#3}{#4}{#5}{#6}{#7}{#8}{#9} 

 cmd/null/after -> \__hook_toplevel cmd/null/after {#1}{#2}{#3}{#4}{#5}{#6}{#7}{#8}{#9}\__xeCJK_boundary_post_transparent: \__hook_next cmd/null/after {#1}{#2}{#3}{#4}{#5}{#6}{#7}{#8}{#9} 

 package/pifont/after -> \__hook_toplevel package/pifont/after \RenewDocumentCommand \Pifont {m}{\mode_leave_vertical: \makexeCJKinactive \usefont {U}{##1}{m}{n}}\__hook_next package/pifont/after  

 package/mtpro2/after -> \__hook_toplevel package/mtpro2/after \cs_set_eq:NN \__xeCJK_mtpro_overcbrace:w \overcbrace \cs_gset_protected:Npn \overcbrace ##1{\makexeCJKinactive \__xeCJK_mtpro_overcbrace:w {##1}}\cs_set_eq:NN \__xeCJK_mtpro_undercbrace:w \undercbrace \cs_gset_protected:Npn \undercbrace ##1{\makexeCJKinactive \__xeCJK_mtpro_undercbrace:w {##1}}\__hook_next package/mtpro2/after  

 package/microtype/after -> \__hook_toplevel package/microtype/after \cs_if_free:NF \MT@get@slot@ {\__xeCJK_patch_microtype_get_slot: }\MT@addto@setup {\xeCJK@microtype@restore@pickupfont }\__hook_next package/microtype/after  

 package/hyperref/after -> \__hook_toplevel package/hyperref/after \cs_gset_protected:Npn \CTEX@makeanchor ##1{\Hy@MakeCurrentHrefAuto {##1}\Hy@raisedlink {\hyper@anchorstart {\@currentHref }\hyper@anchorend }}\CTEX@hyperheadinghook \pdfstringdefDisableCommands {\tl_set:Nn \CTeX {CTeX}}\pdfstringdefDisableCommands {\__xeCJK_gobble_CJKfamily: \xeCJK_cs_clear:N \__xeCJK_inactive_group_begin: \xeCJK_cs_clear:N \__xeCJK_inactive_group_end: \xeCJK_cs_clear:N \makexeCJKinactive \xeCJK_cs_clear:N \xeCJK_text_composite_patch: }\__xeCJK_boundary_register_hyperref_annot: \__hook_next package/hyperref/after  

 package/color/after -> \__hook_toplevel package/color/after \__xeCJK_boundary_register_color: \__hook_next package/color/after  

 package/hypdoc/after -> \__hook_toplevel package/hypdoc/after \__xeCJK_boundary_register_transparent:n {HD@target}\__hook_next package/hypdoc/after  

 package/siunitx/after -> \__hook_toplevel package/siunitx/after \__xeCJK_boundary_register_siunitx: \__hook_next package/siunitx/after  

 package/url/after -> \__hook_toplevel package/url/after \__xeCJK_boundary_register_url: \__hook_next package/url/after  

 package/cprotect/after -> \__hook_toplevel package/cprotect/after \cs_if_free:NF \icprotect {\exp_after:wN \tex_let:D \cs:w cprotect\cs_end: \icprotect }\__hook_next package/cprotect/after  

 package/listings/after -> \__hook_toplevel package/listings/after \RequirePackage {xeCJK-listings}\__hook_next package/listings/after  

 package/everysel/after -> \__hook_toplevel package/everysel/after \cs_if_exist:NF \@EverySelectfont@Legacy {\cs_undefine:c {ver@CJK.\c__xeCJK_package_ext_tl }}\__hook_next package/everysel/after  

 package/CJKnumb/before -> \tl_new:N \l__xeCJK_CJK_version_tl \tl_set_eq:Nc \l__xeCJK_CJK_version_tl {ver@CJK.\c__xeCJK_package_ext_tl }\tl_set:cn {ver@CJK.\c__xeCJK_package_ext_tl }{9999/99/99}\cs_new_protected:Npn \CJKaddEncHook ##1##2{\str_if_eq:nnT {##1}{\CJK@UnicodeEnc }{\group_begin: \cs_set_eq:NN \Unicode \xeCJK_unicode_char:nn \cs_set_eq:NN \def \xdef ##2\group_end: \str_gset:Nn \CJK@tenthousand {万}\str_gset:Nn \CJK@hundredmillion {亿}\tl_if_exist:NF \CJK@UnicodeEnc {\tl_const:Nn \CJK@UnicodeEnc {UTF8}}\cs_if_exist:NF \Unicode {\cs_new_eq:NN \Unicode \xeCJK_unicode_char:nn }}}\cs_new:Npn \xeCJK_unicode_char:nn ##1##2{\tex_Uchar:D \tex_numexpr:D (##1)*256+(##2)\scan_stop: }\__hook_toplevel package/CJKnumb/before \__hook_next package/CJKnumb/before  

 package/CJKnumb/after -> \__hook_toplevel package/CJKnumb/after \tl_set_eq:cN {ver@CJK.\c__xeCJK_package_ext_tl }\l__xeCJK_CJK_version_tl \__hook_next package/CJKnumb/after  

 package/xeCJKfntef/after -> \__hook_toplevel package/xeCJKfntef/after \@ifpackagelater {xeCJKfntef}{2014/11/04}{\cs_new_protected:Npn \__ctex_clear_fntef_color:n ##1{\xeCJKsetup {##1/format={}}}}{\cs_new_protected:Npn \__ctex_clear_fntef_color:n ##1{\tl_clear:c {CJK##1color}}}\clist_map_inline:nn {underdot,underline,underdblline,underwave,sout,xout}{\__ctex_clear_fntef_color:n {##1}}\__hook_next package/xeCJKfntef/after  

 package/CJKutf8/after -> \__hook_toplevel package/CJKutf8/after \g@addto@macro \pdfstringdefPreHook {\zhnumClearWrapper }\__hook_next package/CJKutf8/after  

 package/xCJK2uni/after -> \__hook_toplevel package/xCJK2uni/after \g@addto@macro \pdfstringdefPreHook {\zhnumClearWrapper }\__hook_next package/xCJK2uni/after  

 package/enumitem/after -> \__hook_toplevel package/enumitem/after \cs_if_free:NF \AddEnumerateCounter {\AddEnumerateCounter *{\zhnum }{\@zhnum }{1}\AddEnumerateCounter *{\zhdig }{\@zhdig }{1}\AddEnumerateCounter *{\chinese }{\@chinese }{1}}\__hook_next package/enumitem/after  

 package/nameref/after -> \__hook_toplevel package/nameref/after \cs_gset_protected:Npn \CTEX@gettitle {\NR@gettitle }\seq_map_inline:Nn \c__ctex_headings_cs_seq {\cs_if_eq:ccT {NR@##1}{CTEX@##1}{\cs_gset_eq:cc {@##1}{CTEX@##1}}}\__hook_next package/nameref/after  

 package/titlesec/after -> \__hook_toplevel package/titlesec/after \@ifpackagewith {titlesec}{loadonly}{}{\ctex_titlesec_hook: }\cs_if_free:NF \ttl@tocpart {\cs_set_protected:Npn \ttl@tocpart {\tl_set:Nn \ttl@a {\CTEXthepart \hspace {1em}}}}\seq_map_inline:Nn \c__ctex_headings_seq {\cs_if_exist:cF {ttl@toc##1}{\cs_new_protected:cpx {ttl@toc##1}{\tl_set:Nn \exp_not:N \ttl@a {\exp_not:N \protect \exp_not:N \numberline {\exp_not:c {CTEXthe##1}}}}}}\ctex_patch_cmd:Nnn \ttl@labelling {\let \ifttl@toclabel \ifttl@label }{\let \ifttl@toclabel \ifttl@label \CTEX@updatettlifname }\cs_new_protected:Npn \CTEX@updatettlifname {\legacy_if:nTF {ttl@label}{\CTEX@ifnametrue }{\CTEX@ifnamefalse }}\cs_if_free:NF \ttl@settopmark {\ctex_titleps_hook: }\__hook_next package/titlesec/after  

 package/titleps/after -> \__hook_toplevel package/titleps/after \ctex_titleps_hook: \cs_set_protected:Npn \ttl@setifthe ##1{\exp_args:Nco \cs_set:Npn {ifthe##1}{\CTEXifname {\protect \@firstoftwo }{\protect \@secondoftwo }}}\seq_map_function:NN \c__ctex_headings_seq \ttl@setifthe \__hook_next package/titleps/after  

 package/tocloft/after -> \__hook_toplevel package/tocloft/after \ctex_preto_cmd:NnnTF \numberline {\char_set_catcode_letter:n {64}}{\CTEX@toc@width@n {#1}}{}{\ctex_patch_failure:N \numberline }\__hook_next package/tocloft/after  

 package/titletoc/after -> \__hook_toplevel package/titletoc/after \ctex_preto_cmd:NnnTF \numberline {\char_set_catcode_letter:n {64}}{\CTEX@toc@width@n {#1}}{}{\ctex_patch_failure:N \numberline }\__hook_next package/titletoc/after  

 cmd/mod@math@codes/after -> \__hook_toplevel cmd/mod@math@codes/after {#1}{#2}{#3}{#4}{#5}{#6}{#7}{#8}{#9}\mathcode `\|=28796 \__hook_next cmd/mod@math@codes/after {#1}{#2}{#3}{#4}{#5}{#6}{#7}{#8}{#9} 

 cmd/set@color/before -> \__xeCJK_boundary_hmode_transparent_begin: \__hook_toplevel cmd/set@color/before {#1}{#2}{#3}{#4}{#5}{#6}{#7}{#8}{#9}\__hook_next cmd/set@color/before {#1}{#2}{#3}{#4}{#5}{#6}{#7}{#8}{#9} 

 cmd/set@color/after -> \__hook_toplevel cmd/set@color/after {#1}{#2}{#3}{#4}{#5}{#6}{#7}{#8}{#9}\__xeCJK_boundary_hmode_transparent_end: \__hook_next cmd/set@color/after {#1}{#2}{#3}{#4}{#5}{#6}{#7}{#8}{#9} 

 cmd/reset@color/before -> \__xeCJK_boundary_hmode_transparent_begin: \__hook_toplevel cmd/reset@color/before {#1}{#2}{#3}{#4}{#5}{#6}{#7}{#8}{#9}\__hook_next cmd/reset@color/before {#1}{#2}{#3}{#4}{#5}{#6}{#7}{#8}{#9} 

 cmd/reset@color/after -> \__hook_toplevel cmd/reset@color/after {#1}{#2}{#3}{#4}{#5}{#6}{#7}{#8}{#9}\__xeCJK_boundary_hmode_transparent_end: \__hook_next cmd/reset@color/after {#1}{#2}{#3}{#4}{#5}{#6}{#7}{#8}{#9} 

 cmd/color@b@x/before -> \__xeCJK_boundary_inline_box_begin: \__hook_toplevel cmd/color@b@x/before {#1}{#2}{#3}{#4}{#5}{#6}{#7}{#8}{#9}\__hook_next cmd/color@b@x/before {#1}{#2}{#3}{#4}{#5}{#6}{#7}{#8}{#9} 

 cmd/color@b@x/after -> \__hook_toplevel cmd/color@b@x/after {#1}{#2}{#3}{#4}{#5}{#6}{#7}{#8}{#9}\__xeCJK_boundary_inline_box_end:n {auto}\__hook_next cmd/color@b@x/after {#1}{#2}{#3}{#4}{#5}{#6}{#7}{#8}{#9} 
-> Adding cmd hook to '@setref' (before):
-> Add generic cmd hook for @setref (before).
! In the preamble: delaying.
[lthooks] Add to hook 'cmd/@setref/before' (xeCJK/boundary) on input line 7
[lthooks]    <- \__xeCJK_boundary_inline_stream_begin:n {auto}

[lthooks] Update code for hook 'cmd/@setref/before' on input line 7:

Code labels for sorting:
 xeCJK/boundary

Data structure for label rules:
 xeCJK/boundary = 0 -> 

[lthooks] Handled code for xeCJK/boundary
-> Adding cmd hook to '@setref' (after):
-> Add generic cmd hook for @setref (after).
! In the preamble: delaying.
[lthooks] Add to hook 'cmd/@setref/after' (xeCJK/boundary) on input line 7
[lthooks]    <- \__xeCJK_boundary_inline_stream_end:n {auto}

[lthooks] Update code for hook 'cmd/@setref/after' on input line 7:

Code labels for sorting:
 xeCJK/boundary

Data structure for label rules:
 xeCJK/boundary = 0 -> 

[lthooks] Handled code for xeCJK/boundary
-> Adding cmd hook to 'eqref' (before):
-> Add generic cmd hook for eqref (before).
! In the preamble: delaying.
[lthooks] Add to hook 'cmd/eqref/before' (xeCJK/boundary) on input line 7
[lthooks]    <- \__xeCJK_boundary_inline_stream_begin:n {default}

[lthooks] Update code for hook 'cmd/eqref/before' on input line 7:

Code labels for sorting:
 xeCJK/boundary

Data structure for label rules:
 xeCJK/boundary = 0 -> 

[lthooks] Handled code for xeCJK/boundary
-> Adding cmd hook to 'eqref' (after):
-> Add generic cmd hook for eqref (after).
! In the preamble: delaying.
[lthooks] Add to hook 'cmd/eqref/after' (xeCJK/boundary) on input line 7
[lthooks]    <- \__xeCJK_boundary_inline_stream_end:n {default}

[lthooks] Update code for hook 'cmd/eqref/after' on input line 7:

Code labels for sorting:
 xeCJK/boundary

Data structure for label rules:
 xeCJK/boundary = 0 -> 

[lthooks] Handled code for xeCJK/boundary
STAGE-ENDPRE: \mathchar"326B| EH=4.83694pt
No file p-dbg2.aux.
\openout1 = `p-dbg2.aux'.

LaTeX Font Info:    Checking defaults for OML/cmm/m/it on input line 7.
LaTeX Font Info:    ... okay on input line 7.
LaTeX Font Info:    Checking defaults for OMS/cmsy/m/n on input line 7.
LaTeX Font Info:    ... okay on input line 7.
LaTeX Font Info:    Checking defaults for OT1/cmr/m/n on input line 7.
LaTeX Font Info:    ... okay on input line 7.
LaTeX Font Info:    Checking defaults for T1/cmr/m/n on input line 7.
LaTeX Font Info:    ... okay on input line 7.
LaTeX Font Info:    Checking defaults for TS1/cmr/m/n on input line 7.
LaTeX Font Info:    ... okay on input line 7.
LaTeX Font Info:    Checking defaults for TU/lmr/m/n on input line 7.
LaTeX Font Info:    ... okay on input line 7.
LaTeX Font Info:    Checking defaults for OMX/cmex/m/n on input line 7.
LaTeX Font Info:    ... okay on input line 7.
LaTeX Font Info:    Checking defaults for U/cmr/m/n on input line 7.
LaTeX Font Info:    ... okay on input line 7.
*geometry* driver: auto-detecting
*geometry* detected driver: xetex
*geometry* verbose mode - [ preamble ] result:
* driver: xetex
* paper: a4paper
* layout: <same size as paper>
* layoutoffset:(h,v)=(0.0pt,0.0pt)
* modes: twoside 
* h-part:(L,W,R)=(48.93872pt, 499.63043pt, 48.93872pt)
* v-part:(T,H,B)=(55.76741pt, 732.37393pt, 56.9055pt)
* \paperwidth=597.50787pt
* \paperheight=845.04684pt
* \textwidth=499.63043pt
* \textheight=732.37393pt
* \oddsidemargin=-23.33127pt
* \evensidemargin=-23.33127pt
* \topmargin=-16.50258pt
* \headheight=0.0pt
* \headsep=0.0pt
* \topskip=10.0pt
* \footskip=13.0pt
* \marginparwidth=65.0pt
* \marginparsep=11.0pt
* \columnsep=21.6241pt
* \skip\footins=9.0pt plus 4.0pt minus 2.0pt
* \hoffset=0.0pt
* \voffset=0.0pt
* \mag=1000
* \@twocolumnfalse
* \@twosidetrue
* \@mparswitchtrue
* \@reversemarginfalse
* (1in=72.27pt=25.4mm, 1cm=28.453pt)

LaTeX Font Info:    Overwriting math alphabet `\mathrm' in version `normal'
(Font)                  TU/texgyretermes-math.otf(1)/m/n --> TU/TimesNewRoman(0)/m/n on input line 7.
LaTeX Font Info:    Overwriting math alphabet `\mathit' in version `normal'
(Font)                  OT1/cmr/m/it --> TU/TimesNewRoman(0)/m/it on input line 7.
LaTeX Font Info:    Overwriting math alphabet `\mathbf' in version `normal'
(Font)                  OT1/cmr/bx/n --> TU/TimesNewRoman(0)/b/n on input line 7.
LaTeX Font Info:    Overwriting math alphabet `\mathsf' in version `normal'
(Font)                  OT1/cmss/m/n --> TU/lmss/m/n on input line 7.
LaTeX Font Info:    Overwriting math alphabet `\mathsf' in version `bold'
(Font)                  OT1/cmss/bx/n --> TU/lmss/b/n on input line 7.
LaTeX Font Info:    Overwriting math alphabet `\mathtt' in version `normal'
(Font)                  OT1/cmtt/m/n --> TU/lmtt/m/n on input line 7.
LaTeX Font Info:    Overwriting math alphabet `\mathtt' in version `bold'
(Font)                  OT1/cmtt/m/n --> TU/lmtt/b/n on input line 7.
[lthooks] Add to hook 'enddocument' (top-level) on input line 7
[lthooks]    <- \if \relax \detokenize \expandafter {\the \pgfutil@everybye }\relax \else \expandafter \clearpage \expandafter \the \expandafter \pgfutil@everybye \fi 

[lthooks] Update code for hook 'enddocument' on input line 7:

Code labels for sorting:
 multicol and pgfcore

Data structure for label rules:
 multicol = 0 -> 
 pgfcore = 0 -> 

[lthooks] Handled code for multicol
[lthooks] Handled code for pgfcore
STAGE-BEGINDOC-LATE: macro:->\mathrel {\begin {tikzpicture}[x=1em,y=1em,baseline={(0,0)}] \fill (-0.412,-0.016) -- (-0.375,-0.016) -- (0.114,0.956) -- (0.077,0.956) -- cycle; \fill (-0.115,-0.016) -- (-0.078,-0.016) -- (0.411,0.956) -- (0.374,0.956) -- cycle; \end {tikzpicture}}
-> \begin{document} try cmd/mbox/before.
[lthooks] analyzing '\mbox'
[lthooks] \mbox=macro:->\protect \mbox  
[lthooks] ++ control sequence is defined
[lthooks] ++ control sequence is a macro
[lthooks] ++ macro is not private
[lthooks] ++ command can be patched without rescanning

[lthooks] Update code for hook 'cmd/mbox/before' on input line 7:

Code labels for sorting:
 xeCJK/boundary

Data structure for label rules:
 xeCJK/boundary = 0 -> 

[lthooks] Handled code for xeCJK/boundary
-> \begin{document} try cmd/mbox/after.
[lthooks] analyzing '\mbox'
[lthooks] \mbox=macro:->\protect \mbox  
[lthooks] ++ control sequence is defined
[lthooks] ++ control sequence is a macro
[lthooks] ++ macro is not private
[lthooks] ++ command can be patched without rescanning

[lthooks] Update code for hook 'cmd/mbox/after' on input line 7:

Code labels for sorting:
 xeCJK/boundary

Data structure for label rules:
 xeCJK/boundary = 0 -> 

[lthooks] Handled code for xeCJK/boundary
-> \begin{document} try cmd/fbox/before.
[lthooks] analyzing '\fbox'
[lthooks] \fbox=macro:->\protect \fbox  
[lthooks] ++ control sequence is defined
[lthooks] ++ control sequence is a macro
[lthooks] ++ macro is not private
[lthooks] ++ command can be patched without rescanning

[lthooks] Update code for hook 'cmd/fbox/before' on input line 7:

Code labels for sorting:
 xeCJK/boundary

Data structure for label rules:
 xeCJK/boundary = 0 -> 

[lthooks] Handled code for xeCJK/boundary
-> \begin{document} try cmd/fbox/after.
[lthooks] analyzing '\fbox'
[lthooks] \fbox=macro:->\protect \fbox  
[lthooks] ++ control sequence is defined
[lthooks] ++ control sequence is a macro
[lthooks] ++ macro is not private
[lthooks] ++ command can be patched without rescanning

[lthooks] Update code for hook 'cmd/fbox/after' on input line 7:

Code labels for sorting:
 xeCJK/boundary

Data structure for label rules:
 xeCJK/boundary = 0 -> 

[lthooks] Handled code for xeCJK/boundary
-> \begin{document} try cmd/null/after.
[lthooks] analyzing '\null'
[lthooks] \null=macro:->\hbox {}
[lthooks] ++ control sequence is defined
[lthooks] ++ control sequence is a macro
[lthooks] ++ macro is not private
[lthooks] ++ command can be patched without rescanning

[lthooks] Update code for hook 'cmd/null/after' on input line 7:

Code labels for sorting:
 xeCJK/boundary

Data structure for label rules:
 xeCJK/boundary = 0 -> 

[lthooks] Handled code for xeCJK/boundary
-> \begin{document} try cmd/mod@math@codes/after.
-> \begin{document} try cmd/set@color/before.
[lthooks] analyzing '\set@color'
[lthooks] \set@color=macro:->\special {color push \current@color }\aftergroup \reset@color 
[lthooks] ++ control sequence is defined
[lthooks] ++ control sequence is a macro
[lthooks] ++ macro is not private
[lthooks] ++ command can be patched without rescanning

[lthooks] Update code for hook 'cmd/set@color/before' on input line 7:

Code labels for sorting:
 xeCJK/boundary

Data structure for label rules:
 xeCJK/boundary = 0 -> 

[lthooks] Handled code for xeCJK/boundary
-> \begin{document} try cmd/set@color/after.
[lthooks] analyzing '\set@color'
[lthooks] \set@color=macro:->\UseHookWithArguments {cmd/set@color/before}{0}\special {color push \current@color }\aftergroup \reset@color 
[lthooks] ++ control sequence is defined
[lthooks] ++ control sequence is a macro
[lthooks] ++ macro is not private
[lthooks] ++ command can be patched without rescanning

[lthooks] Update code for hook 'cmd/set@color/after' on input line 7:

Code labels for sorting:
 xeCJK/boundary

Data structure for label rules:
 xeCJK/boundary = 0 -> 

[lthooks] Handled code for xeCJK/boundary
-> \begin{document} try cmd/reset@color/before.
[lthooks] analyzing '\reset@color'
[lthooks] \reset@color=macro:->\special {color pop}
[lthooks] ++ control sequence is defined
[lthooks] ++ control sequence is a macro
[lthooks] ++ macro is not private
[lthooks] ++ command can be patched without rescanning

[lthooks] Update code for hook 'cmd/reset@color/before' on input line 7:

Code labels for sorting:
 xeCJK/boundary

Data structure for label rules:
 xeCJK/boundary = 0 -> 

[lthooks] Handled code for xeCJK/boundary
-> \begin{document} try cmd/reset@color/after.
[lthooks] analyzing '\reset@color'
[lthooks] \reset@color=macro:->\UseHookWithArguments {cmd/reset@color/before}{0}\special {color pop}
[lthooks] ++ control sequence is defined
[lthooks] ++ control sequence is a macro
[lthooks] ++ macro is not private
[lthooks] ++ command can be patched without rescanning

[lthooks] Update code for hook 'cmd/reset@color/after' on input line 7:

Code labels for sorting:
 xeCJK/boundary

Data structure for label rules:
 xeCJK/boundary = 0 -> 

[lthooks] Handled code for xeCJK/boundary
-> \begin{document} try cmd/color@b@x/before.
[lthooks] analyzing '\color@b@x'
[lthooks] \color@b@x=\protected\long macro:#1#2#3->\__xeCJK_boundary_math_begin:n {#3}\__xeCJK_orig_color_box:nnn {#1}{#2}{#3\__xeCJK_boundary_math_end:n {#3}}
[lthooks] ++ control sequence is defined
[lthooks] ++ control sequence is a macro
[lthooks] ++ macro is not private
[lthooks] .. command can only be patched by rescanning
[lthooks] ++ trying to patch by retokenization
[lthooks] -- macro cannot be retokenized cleanly
[lthooks] ++ trying to patch by retokenization
[lthooks] -- macro cannot be retokenized cleanly
[lthooks] ++ trying to patch by retokenization
[lthooks] ++ macro can be retokenized cleanly
[lthooks] == retokenizing macro now

[lthooks] Update code for hook 'cmd/color@b@x/before' on input line 7:

Code labels for sorting:
 xeCJK/boundary

Data structure for label rules:
 xeCJK/boundary = 0 -> 

[lthooks] Handled code for xeCJK/boundary
-> \begin{document} try cmd/color@b@x/after.
[lthooks] analyzing '\color@b@x'
[lthooks] \color@b@x=\protected\long macro:#1#2#3->\UseHookWithArguments {cmd/color@b@x/before}{3}{#1}{#2}{#3}\__xeCJK_boundary_math_begin:n {#3}\__xeCJK_orig_color_box:nnn {#1}{#2}{#3\__xeCJK_boundary_math_end:n {#3}}
[lthooks] ++ control sequence is defined
[lthooks] ++ control sequence is a macro
[lthooks] ++ macro is not private
[lthooks] .. command can only be patched by rescanning
[lthooks] ++ trying to patch by retokenization
[lthooks] -- macro cannot be retokenized cleanly
[lthooks] ++ trying to patch by retokenization
[lthooks] -- macro cannot be retokenized cleanly
[lthooks] ++ trying to patch by retokenization
[lthooks] ++ macro can be retokenized cleanly
[lthooks] == retokenizing macro now

[lthooks] Update code for hook 'cmd/color@b@x/after' on input line 7:

Code labels for sorting:
 xeCJK/boundary

Data structure for label rules:
 xeCJK/boundary = 0 -> 

[lthooks] Handled code for xeCJK/boundary
-> \begin{document} try cmd/@setref/before.
[lthooks] analyzing '\@setref'
[lthooks] \@setref=macro:#1#2#3->\ifx #1\relax \protect \G@refundefinedtrue \nfss@text {\reset@font \bfseries ??}\@latex@warning {Reference `#3' on page \thepage \space undefined}\else \expandafter #2#1\@empty \@empty \@empty \null \fi 
[lthooks] ++ control sequence is defined
[lthooks] ++ control sequence is a macro
[lthooks] ++ macro is not private
[lthooks] .. command can only be patched by rescanning
[lthooks] ++ trying to patch by retokenization
[lthooks] -- macro cannot be retokenized cleanly
[lthooks] ++ trying to patch by retokenization
[lthooks] ++ macro can be retokenized cleanly
[lthooks] == retokenizing macro now

[lthooks] Update code for hook 'cmd/@setref/before' on input line 7:

Code labels for sorting:
 xeCJK/boundary

Data structure for label rules:
 xeCJK/boundary = 0 -> 

[lthooks] Handled code for xeCJK/boundary
-> \begin{document} try cmd/@setref/after.
[lthooks] analyzing '\@setref'
[lthooks] \@setref=macro:#1#2#3->\UseHookWithArguments {cmd/@setref/before}{3}{#1}{#2}{#3}\ifx #1\relax \protect \G@refundefinedtrue \nfss@text {\reset@font \bfseries ??}\@latex@warning {Reference `#3' on page \thepage \space undefined}\else \expandafter #2#1\@empty \@empty \@empty \null \fi 
[lthooks] ++ control sequence is defined
[lthooks] ++ control sequence is a macro
[lthooks] ++ macro is not private
[lthooks] .. command can only be patched by rescanning
[lthooks] ++ trying to patch by retokenization
[lthooks] -- macro cannot be retokenized cleanly
[lthooks] ++ trying to patch by retokenization
[lthooks] ++ macro can be retokenized cleanly
[lthooks] == retokenizing macro now

[lthooks] Update code for hook 'cmd/@setref/after' on input line 7:

Code labels for sorting:
 xeCJK/boundary

Data structure for label rules:
 xeCJK/boundary = 0 -> 

[lthooks] Handled code for xeCJK/boundary
-> \begin{document} try cmd/eqref/before.
[lthooks] analyzing '\eqref'
[lthooks] \eqref=macro:->\protect \eqref  
[lthooks] ++ control sequence is defined
[lthooks] ++ control sequence is a macro
[lthooks] ++ macro is not private
[lthooks] ++ command can be patched without rescanning

[lthooks] Update code for hook 'cmd/eqref/before' on input line 7:

Code labels for sorting:
 xeCJK/boundary

Data structure for label rules:
 xeCJK/boundary = 0 -> 

[lthooks] Handled code for xeCJK/boundary
-> \begin{document} try cmd/eqref/after.
[lthooks] analyzing '\eqref'
[lthooks] \eqref=macro:->\protect \eqref  
[lthooks] ++ control sequence is defined
[lthooks] ++ control sequence is a macro
[lthooks] ++ macro is not private
[lthooks] ++ command can be patched without rescanning

[lthooks] Update code for hook 'cmd/eqref/after' on input line 7:

Code labels for sorting:
 xeCJK/boundary

Data structure for label rules:
 xeCJK/boundary = 0 -> 

[lthooks] Handled code for xeCJK/boundary
STAGE-BEGINDOCEND: macro:->\mathrel {\begin {tikzpicture}[x=1em,y=1em,baseline={(0,0)}] \fill (-0.412,-0.016) -- (-0.375,-0.016) -- (0.114,0.956) -- (0.077,0.956) -- cycle; \fill (-0.115,-0.016) -- (-0.078,-0.016) -- (0.411,0.956) -- (0.374,0.956) -- cycle; \end {tikzpicture}}
STAGE-BODY: macro:->\mathrel {\begin {tikzpicture}[x=1em,y=1em,baseline={(0,0)}] \fill (-0.412,-0.016) -- (-0.375,-0.016) -- (0.114,0.956) -- (0.077,0.956) -- cycle; \fill (-0.115,-0.016) -- (-0.078,-0.016) -- (0.411,0.956) -- (0.374,0.956) -- cycle; \end {tikzpicture}}| EH=4.83694pt

[lthooks] Update code for hook 'para/before' on input line 10:


[lthooks] Update code for hook 'para/begin' on input line 10:


[lthooks] Update code for hook 'para/end' on input line 10:


[lthooks] Update code for hook 'para/after' on input line 10:


[lthooks] Update code for hook 'para/before' on input line 10:


[lthooks] Update code for hook 'para/begin' on input line 10:


[lthooks] Update code for hook 'para/end' on input line 10:


[lthooks] Update code for hook 'para/after' on input line 10:


Package fontspec Info: 
(fontspec)             Font family 'NotoSansSC-Medium.otf(1)' created for font
(fontspec)             'NotoSansSC-Medium.otf' with options
(fontspec)             [Script={CJK},Path={C:/提示词/工作区/字替对照-0909/variantF/fonts/},BoldFont={NotoSansSC-Bold.otf}].
(fontspec)              
(fontspec)              This font family consists of the following NFSS
(fontspec)             series/shapes:
(fontspec)              
(fontspec)             - 'normal' (m/n) with NFSS spec.:
(fontspec)             <->"[C:/提示词/工作区/字替对照-0909/variantF/fonts/NotoSansSC-Medium.otf]/OT:script=hani;language=dflt;"
(fontspec)             - 'bold' (b/n) with NFSS spec.:
(fontspec)             <->"[C:/提示词/工作区/字替对照-0909/variantF/fonts/NotoSansSC-Bold.otf]/OT:script=hani;language=dflt;"

[1

] (./p-dbg2.aux)
 ***********
LaTeX2e <2026-06-01>
L3 programming layer <2026/08/11>
 ***********
 ) 
Here is how much of TeX's memory you used:
 24905 strings out of 469768
 571604 string characters out of 5466040
 1097465 words of memory out of 5000000
 53516 multiletter control sequences out of 15000+600000
 630031 words of font info for 97 fonts, out of 8000000 for 9000
 14 hyphenation exceptions out of 8191
 97i,16n,126p,1298b,694s stack positions out of 10000i,1000n,20000p,200000b,200000s

Output written on p-dbg2.pdf (1 page).
